A	Acc
AAD1S	Aor Act Imperative 1st Sing
AAD2P	Aor Act Imperative 2nd Plur
AAD2P	Aor Act Imperative 2nd Plur
AAD2P	Aor Act Imperative 2nd Plur
AAD2P	Aor Act Imperative 2nd Plur
AAD2P	Aor Act Imperative 2nd Plur
AAD2P	Aor Act Imperative 2nd Plur
AAD2P	Aor Act Imperative 2nd Plur
AAD2P	Aor Act Imperative 2nd Plur
AAD2P	Aor Act Imperative 2nd Plur
AAD2P	Aor Act Imperative 2nd Plur
AAD2P	Aor Act Imperative 2nd Plur
AAD2P	Aor Act Imperative 2nd Plur
AAD2P	Aor Act Imperative 2nd Plur
AAD2S	Aor Act Imperative 2nd Sing
AAD2S	Aor Act Imperative 2nd Sing
AAD2S	Aor Act Imperative 2nd Sing
AAD2S	Aor Act Imperative 2nd Sing
AAD2S	Aor Act Imperative 2nd Sing
AAD2S	Aor Act Imperative 2nd Sing
AAD2S	Aor Act Imperative 2nd Sing
AAD2S	Aor Act Imperative 2nd Sing
AAD2S	Aor Act Imperative 2nd Sing
AAD2S	Aor Act Imperative 2nd Sing
AAD2S	Aor Act Imperative 2nd Sing
AAD2S	Aor Act Imperative 2nd Sing
AAD2S	Aor Act Imperative 2nd Sing
AAD2S	Aor Act Imperative 2nd Sing
AAD2S	Aor Act Imperative 2nd Sing
AAD2S	Aor Act Imperative 2nd Sing
AAD2S	Aor Act Imperative 2nd Sing
AAD2S	Aor Act Imperative 2nd Sing
AAD3P	Aor Act Imperative 3rd Plur
AAD3P	Aor Act Imperative 3rd Plur
AAD3P	Aor Act Imperative 3rd Plur
AAD3P	Aor Act Imperative 3rd Plur
AAD3P	Aor Act Imperative 3rd Plur
AAD3P	Aor Act Imperative 3rd Plur
AAD3P	Aor Act Imperative 3rd Plur
AAD3P	Aor Act Imperative 3rd Plur
AAD3S	Aor Act Imperative 3rd Sing
AAD3S	Aor Act Imperative 3rd Sing
AAD3S	Aor Act Imperative 3rd Sing
AAD3S	Aor Act Imperative 3rd Sing
AAD3S	Aor Act Imperative 3rd Sing
AAD3S	Aor Act Imperative 3rd Sing
AAD3S	Aor Act Imperative 3rd Sing
AAI1P	Aor Act Ind 1st Plur
AAI1P	Aor Act Ind 1st Plur
AAI1P	Aor Act Ind 1st Plur
AAI1P	Aor Act Ind 1st Plur
AAI1P	Aor Act Ind 1st Plur
AAI1P	Aor Act Ind 1st Plur
AAI1P	Aor Act Ind 1st Plur
AAI1P	Aor Act Ind 1st Plur
AAI1P	Aor Act Ind 1st Plur
AAI1S	Aor Act Ind 1st Sing
AAI1S	Aor Act Ind 1st Sing
AAI1S	Aor Act Ind 1st Sing
AAI1S	Aor Act Ind 1st Sing
AAI1S	Aor Act Ind 1st Sing
AAI1S	Aor Act Ind 1st Sing
AAI1S	Aor Act Ind 1st Sing
AAI1S	Aor Act Ind 1st Sing
AAI1S	Aor Act Ind 1st Sing
AAI1S	Aor Act Ind 1st Sing
AAI2P	Aor Act Ind 2nd Plur
AAI2P	Aor Act Ind 2nd Plur
AAI2P	Aor Act Ind 2nd Plur
AAI2P	Aor Act Ind 2nd Plur
AAI2P	Aor Act Ind 2nd Plur
AAI2P	Aor Act Ind 2nd Plur
AAI2P	Aor Act Ind 2nd Plur
AAI2S	Aor Act Ind 2nd Sing
AAI2S	Aor Act Ind 2nd Sing
AAI2S	Aor Act Ind 2nd Sing
AAI2S	Aor Act Ind 2nd Sing
AAI2S	Aor Act Ind 2nd Sing
AAI2S	Aor Act Ind 2nd Sing
AAI2S	Aor Act Ind 2nd Sing
AAI2S	Aor Act Ind 2nd Sing
AAI3P	Aor Act Ind 3rd Plur
AAI3P	Aor Act Ind 3rd Plur
AAI3P	Aor Act Ind 3rd Plur
AAI3P	Aor Act Ind 3rd Plur
AAI3P	Aor Act Ind 3rd Plur
AAI3P	Aor Act Ind 3rd Plur
AAI3P	Aor Act Ind 3rd Plur
AAI3P	Aor Act Ind 3rd Plur
AAI3P	Aor Act Ind 3rd Plur
AAI3P	Aor Act Ind 3rd Plur
AAI3P	Aor Act Ind 3rd Plur
AAI3P	Aor Act Ind 3rd Plur
AAI3P	Aor Act Ind 3rd Plur
AAI3P	Aor Act Ind 3rd Plur
AAI3P	Aor Act Ind 3rd Plur
AAI3P	Aor Act Ind 3rd Plur
AAI3P	Aor Act Ind 3rd Plur
AAI3P	Aor Act Ind 3rd Plur
AAI3P	Aor Act Ind 3rd Plur
AAI3S	Aor Act Ind 3rd Sing
AAI3S	Aor Act Ind 3rd Sing
AAI3S	Aor Act Ind 3rd Sing
AAI3S	Aor Act Ind 3rd Sing
AAI3S	Aor Act Ind 3rd Sing
AAI3S	Aor Act Ind 3rd Sing
AAI3S	Aor Act Ind 3rd Sing
AAI3S	Aor Act Ind 3rd Sing
AAI3S	Aor Act Ind 3rd Sing
AAI3S	Aor Act Ind 3rd Sing
AAI3S	Aor Act Ind 3rd Sing
AAI3S	Aor Act Ind 3rd Sing
AAI3S	Aor Act Ind 3rd Sing
AAN	Aor Act Infin
AAN	Aor Act Infin
AAN	Aor Act Infin
AAN	Aor Act Infin
AAN	Aor Act Infin
AAN	Aor Act Infin
AAN	Aor Act Infin
AAN	Aor Act Infin
AAN	Aor Act Infin
AAN	Aor Act Infin
AAN	Aor Act Infin
AAN	Aor Act Infin
AAN	Aor Act Infin
AAN	Aor Act Infin
AAO1P	Aor Act Opt 1st Plur
AAO1P	Aor Act Opt 1st Plur
AAO1S	Aor Act Opt 1st Sing
AAO1S	Aor Act Opt 1st Sing
AAO1S	Aor Act Opt 1st Sing
AAO2P	Aor Act Opt 2nd Plur
AAO2S	Aor Act Opt 2nd Sing
AAO2S	Aor Act Opt 2nd Sing
AAO2S	Aor Act Opt 2nd Sing
AAO3P	Aor Act Opt 3rd Plur
AAO3P	Aor Act Opt 3rd Plur
AAO3P	Aor Act Opt 3rd Plur
AAO3P	Aor Act Opt 3rd Plur
AAO3S	Aor Act Opt 3rd Sing
AAO3S	Aor Act Opt 3rd Sing
AAO3S	Aor Act Opt 3rd Sing
AAO3S	Aor Act Opt 3rd Sing
AAO3S	Aor Act Opt 3rd Sing
AAO3S	Aor Act Opt 3rd Sing
AAO3S	Aor Act Opt 3rd Sing
AAP3S	Aor Act Part 3rd Sing
AAPAPF	Aor Act Part Acc Plur Fem
AAPAPF	Aor Act Part Acc Plur Fem
AAPAPM	Aor Act Part Acc Plur Masc
AAPAPM	Aor Act Part Acc Plur Masc
AAPAPM	Aor Act Part Acc Plur Masc
AAPAPM	Aor Act Part Acc Plur Masc
AAPAPM	Aor Act Part Acc Plur Masc
AAPAPM	Aor Act Part Acc Plur Masc
AAPAPM	Aor Act Part Acc Plur Masc
AAPAPN	Aor Act Part Acc Plur Neut
AAPAPN	Aor Act Part Acc Plur Neut
AAPAPN	Aor Act Part Acc Plur Neut
AAPAPN	Aor Act Part Acc Plur Neut
AAPASF	Aor Act Part Acc Sing Fem
AAPASF	Aor Act Part Acc Sing Fem
AAPASF	Aor Act Part Acc Sing Fem
AAPASF	Aor Act Part Acc Sing Fem
AAPASF	Aor Act Part Acc Sing Fem
AAPASM	Aor Act Part Acc Sing Masc
AAPASM	Aor Act Part Acc Sing Masc
AAPASM	Aor Act Part Acc Sing Masc
AAPASM	Aor Act Part Acc Sing Masc
AAPASN	Aor Act Part Acc Sing Neut
AAPASN	Aor Act Part Acc Sing Neut
AAPASN	Aor Act Part Acc Sing Neut
AAPASN	Aor Act Part Acc Sing Neut
AAPASN	Aor Act Part Acc Sing Neut
AAPASN	Aor Act Part Acc Sing Neut
AAPDPF	Aor Act Part Dat Plur Fem
AAPDPF	Aor Act Part Dat Plur Fem
AAPDPM	Aor Act Part Dat Plur Masc
AAPDPM	Aor Act Part Dat Plur Masc
AAPDPN	Aor Act Part Dat Plur Neut
AAPDSF	Aor Act Part Dat Sing Fem
AAPDSF	Aor Act Part Dat Sing Fem
AAPDSM	Aor Act Part Dat Sing Masc
AAPDSM	Aor Act Part Dat Sing Masc
AAPDSM	Aor Act Part Dat Sing Masc
AAPDSM	Aor Act Part Dat Sing Masc
AAPDSM	Aor Act Part Dat Sing Masc
AAPGPF	Aor Act Part Gen Plur Fem
AAPGPF	Aor Act Part Gen Plur Fem
AAPGPM	Aor Act Part Gen Plur Masc
AAPGPM	Aor Act Part Gen Plur Masc
AAPGPM	Aor Act Part Gen Plur Masc
AAPGPM	Aor Act Part Gen Plur Masc
AAPGPM	Aor Act Part Gen Plur Masc
AAPGPM	Aor Act Part Gen Plur Masc
AAPGPN	Aor Act Part Gen Plur Neut
AAPGPN	Aor Act Part Gen Plur Neut
AAPGSF	Aor Act Part Gen Sing Fem
AAPGSF	Aor Act Part Gen Sing Fem
AAPGSF	Aor Act Part Gen Sing Fem
AAPGSM	Aor Act Part Gen Sing Masc
AAPGSM	Aor Act Part Gen Sing Masc
AAPGSM	Aor Act Part Gen Sing Masc
AAPGSM	Aor Act Part Gen Sing Masc
AAPGSM	Aor Act Part Gen Sing Masc
AAPGSM	Aor Act Part Gen Sing Masc
AAPGSM	Aor Act Part Gen Sing Masc
AAPGSM	Aor Act Part Gen Sing Masc
AAPGSN	Aor Act Part Gen Sing Neut
AAPGSN	Aor Act Part Gen Sing Neut
AAPGSN	Aor Act Part Gen Sing Neut
AAPGSN	Aor Act Part Gen Sing Neut
AAPNPF	Aor Act Part Nom Plur Fem
AAPNPF	Aor Act Part Nom Plur Fem
AAPNPF	Aor Act Part Nom Plur Fem
AAPNPF	Aor Act Part Nom Plur Fem
AAPNPM	Aor Act Part Nom Plur Masc
AAPNPM	Aor Act Part Nom Plur Masc
AAPNPM	Aor Act Part Nom Plur Masc
AAPNPM	Aor Act Part Nom Plur Masc
AAPNPM	Aor Act Part Nom Plur Masc
AAPNPM	Aor Act Part Nom Plur Masc
AAPNPM	Aor Act Part Nom Plur Masc
AAPNPM	Aor Act Part Nom Plur Masc
AAPNPM	Aor Act Part Nom Plur Masc
AAPNPN	Aor Act Part Nom Plur Neut
AAPNPN	Aor Act Part Nom Plur Neut
AAPNPN	Aor Act Part Nom Plur Neut
AAPNPN	Aor Act Part Nom Plur Neut
AAPNSF	Aor Act Part Nom Sing Fem
AAPNSF	Aor Act Part Nom Sing Fem
AAPNSF	Aor Act Part Nom Sing Fem
AAPNSF	Aor Act Part Nom Sing Fem
AAPNSF	Aor Act Part Nom Sing Fem
AAPNSF	Aor Act Part Nom Sing Fem
AAPNSF	Aor Act Part Nom Sing Fem
AAPNSF	Aor Act Part Nom Sing Fem
AAPNSM	Aor Act Part Nom Sing Masc
AAPNSM	Aor Act Part Nom Sing Masc
AAPNSM	Aor Act Part Nom Sing Masc
AAPNSM	Aor Act Part Nom Sing Masc
AAPNSM	Aor Act Part Nom Sing Masc
AAPNSM	Aor Act Part Nom Sing Masc
AAPNSM	Aor Act Part Nom Sing Masc
AAPNSM	Aor Act Part Nom Sing Masc
AAPNSM	Aor Act Part Nom Sing Masc
AAPNSN	Aor Act Part Nom Sing Neut
AAPNSN	Aor Act Part Nom Sing Neut
AAPNSN	Aor Act Part Nom Sing Neut
AAPVSF	Aor Act Part Voc Sing Fem
AAS	Aor Act Subj
AAS1P	Aor Act Subj 1st Plur
AAS1P	Aor Act Subj 1st Plur
AAS1P	Aor Act Subj 1st Plur
AAS1P	Aor Act Subj 1st Plur
AAS1P	Aor Act Subj 1st Plur
AAS1P	Aor Act Subj 1st Plur
AAS1P	Aor Act Subj 1st Plur
AAS1P	Aor Act Subj 1st Plur
AAS1P	Aor Act Subj 1st Plur
AAS1P	Aor Act Subj 1st Plur
AAS1P	Aor Act Subj 1st Plur
AAS1P	Aor Act Subj 1st Plur
AAS1P	Aor Act Subj 1st Plur
AAS1S	Aor Act Subj 1st Sing
AAS1S	Aor Act Subj 1st Sing
AAS1S	Aor Act Subj 1st Sing
AAS1S	Aor Act Subj 1st Sing
AAS1S	Aor Act Subj 1st Sing
AAS1S	Aor Act Subj 1st Sing
AAS1S	Aor Act Subj 1st Sing
AAS1S	Aor Act Subj 1st Sing
AAS1S	Aor Act Subj 1st Sing
AAS1S	Aor Act Subj 1st Sing
AAS1S	Aor Act Subj 1st Sing
AAS2P	Aor Act Subj 2nd Plur
AAS2P	Aor Act Subj 2nd Plur
AAS2P	Aor Act Subj 2nd Plur
AAS2P	Aor Act Subj 2nd Plur
AAS2P	Aor Act Subj 2nd Plur
AAS2P	Aor Act Subj 2nd Plur
AAS2P	Aor Act Subj 2nd Plur
AAS2P	Aor Act Subj 2nd Plur
AAS2P	Aor Act Subj 2nd Plur
AAS2P	Aor Act Subj 2nd Plur
AAS2P	Aor Act Subj 2nd Plur
AAS2P	Aor Act Subj 2nd Plur
AAS2P	Aor Act Subj 2nd Plur
AAS2S	Aor Act Subj 2nd Sing
AAS2S	Aor Act Subj 2nd Sing
AAS2S	Aor Act Subj 2nd Sing
AAS2S	Aor Act Subj 2nd Sing
AAS2S	Aor Act Subj 2nd Sing
AAS2S	Aor Act Subj 2nd Sing
AAS2S	Aor Act Subj 2nd Sing
AAS2S	Aor Act Subj 2nd Sing
AAS2S	Aor Act Subj 2nd Sing
AAS2S	Aor Act Subj 2nd Sing
AAS3P	Aor Act Subj 3rd Plur
AAS3P	Aor Act Subj 3rd Plur
AAS3P	Aor Act Subj 3rd Plur
AAS3P	Aor Act Subj 3rd Plur
AAS3P	Aor Act Subj 3rd Plur
AAS3P	Aor Act Subj 3rd Plur
AAS3P	Aor Act Subj 3rd Plur
AAS3P	Aor Act Subj 3rd Plur
AAS3P	Aor Act Subj 3rd Plur
AAS3P	Aor Act Subj 3rd Plur
AAS3P	Aor Act Subj 3rd Plur
AAS3S	Aor Act Subj 3rd Sing
AAS3S	Aor Act Subj 3rd Sing
AAS3S	Aor Act Subj 3rd Sing
AAS3S	Aor Act Subj 3rd Sing
AAS3S	Aor Act Subj 3rd Sing
AAS3S	Aor Act Subj 3rd Sing
AAS3S	Aor Act Subj 3rd Sing
AAS3S	Aor Act Subj 3rd Sing
AAS3S	Aor Act Subj 3rd Sing
AAS3S	Aor Act Subj 3rd Sing
AAS3S	Aor Act Subj 3rd Sing
ADF	Acc Dual Fem
ADI2P	Acc Dual Ind 2nd Plur
ADM	Acc Dual Masc
ADN	Acc Dual Neut
AMD2P	Aor Mid Imperative 2nd Plur
AMD2P	Aor Mid Imperative 2nd Plur
AMD2P	Aor Mid Imperative 2nd Plur
AMD2P	Aor Mid Imperative 2nd Plur
AMD2P	Aor Mid Imperative 2nd Plur
AMD2P	Aor Mid Imperative 2nd Plur
AMD2P	Aor Mid Imperative 2nd Plur
AMD2P	Aor Mid Imperative 2nd Plur
AMD2P	Aor Mid Imperative 2nd Plur
AMD2S	Aor Mid Imperative 2nd Sing
AMD2S	Aor Mid Imperative 2nd Sing
AMD2S	Aor Mid Imperative 2nd Sing
AMD2S	Aor Mid Imperative 2nd Sing
AMD2S	Aor Mid Imperative 2nd Sing
AMD2S	Aor Mid Imperative 2nd Sing
AMD3P	Aor Mid Imperative 3rd Plur
AMD3P	Aor Mid Imperative 3rd Plur
AMD3P	Aor Mid Imperative 3rd Plur
AMD3S	Aor Mid Imperative 3rd Sing
AMD3S	Aor Mid Imperative 3rd Sing
AMD3S	Aor Mid Imperative 3rd Sing
AMD3S	Aor Mid Imperative 3rd Sing
AMI1P	Aor Mid Ind 1st Plur
AMI1P	Aor Mid Ind 1st Plur
AMI1P	Aor Mid Ind 1st Plur
AMI1P	Aor Mid Ind 1st Plur
AMI1P	Aor Mid Ind 1st Plur
AMI1S	Aor Mid Ind 1st Sing
AMI1S	Aor Mid Ind 1st Sing
AMI1S	Aor Mid Ind 1st Sing
AMI1S	Aor Mid Ind 1st Sing
AMI1S	Aor Mid Ind 1st Sing
AMI1S	Aor Mid Ind 1st Sing
AMI1S	Aor Mid Ind 1st Sing
AMI1S	Aor Mid Ind 1st Sing
AMI1S	Aor Mid Ind 1st Sing
AMI2P	Aor Mid Ind 2nd Plur
AMI2P	Aor Mid Ind 2nd Plur
AMI2P	Aor Mid Ind 2nd Plur
AMI2P	Aor Mid Ind 2nd Plur
AMI2P	Aor Mid Ind 2nd Plur
AMI2P	Aor Mid Ind 2nd Plur
AMI2S	Aor Mid Ind 2nd Sing
AMI2S	Aor Mid Ind 2nd Sing
AMI2S	Aor Mid Ind 2nd Sing
AMI2S	Aor Mid Ind 2nd Sing
AMI2S	Aor Mid Ind 2nd Sing
AMI2S	Aor Mid Ind 2nd Sing
AMI3P	Aor Mid Ind 3rd Plur
AMI3P	Aor Mid Ind 3rd Plur
AMI3P	Aor Mid Ind 3rd Plur
AMI3P	Aor Mid Ind 3rd Plur
AMI3P	Aor Mid Ind 3rd Plur
AMI3P	Aor Mid Ind 3rd Plur
AMI3P	Aor Mid Ind 3rd Plur
AMI3P	Aor Mid Ind 3rd Plur
AMI3P	Aor Mid Ind 3rd Plur
AMI3P	Aor Mid Ind 3rd Plur
AMI3S	Aor Mid Ind 3rd Sing
AMI3S	Aor Mid Ind 3rd Sing
AMI3S	Aor Mid Ind 3rd Sing
AMI3S	Aor Mid Ind 3rd Sing
AMI3S	Aor Mid Ind 3rd Sing
AMI3S	Aor Mid Ind 3rd Sing
AMI3S	Aor Mid Ind 3rd Sing
AMI3S	Aor Mid Ind 3rd Sing
AMI3S	Aor Mid Ind 3rd Sing
AMI3S	Aor Mid Ind 3rd Sing
AMI3S	Aor Mid Ind 3rd Sing
AMI3S	Aor Mid Ind 3rd Sing
AMN	Aor Mid Infin
AMN	Aor Mid Infin
AMN	Aor Mid Infin
AMN	Aor Mid Infin
AMN	Aor Mid Infin
AMN	Aor Mid Infin
AMN	Aor Mid Infin
AMN	Aor Mid Infin
AMN	Aor Mid Infin
AMO1P	Aor Mid Opt 1st Plur
AMO1P	Aor Mid Opt 1st Plur
AMO1S	Aor Mid Opt 1st Sing
AMO1S	Aor Mid Opt 1st Sing
AMO2S	Aor Mid Opt 2nd Sing
AMO3P	Aor Mid Opt 3rd Plur
AMO3P	Aor Mid Opt 3rd Plur
AMO3S	Aor Mid Opt 3rd Sing
AMO3S	Aor Mid Opt 3rd Sing
AMP	Aor Mid Part
AMPAPF	Aor Mid Part Acc Plur Fem
AMPAPF	Aor Mid Part Acc Plur Fem
AMPAPM	Aor Mid Part Acc Plur Masc
AMPAPM	Aor Mid Part Acc Plur Masc
AMPAPM	Aor Mid Part Acc Plur Masc
AMPAPM	Aor Mid Part Acc Plur Masc
AMPAPM	Aor Mid Part Acc Plur Masc
AMPAPN	Aor Mid Part Acc Plur Neut
AMPAPN	Aor Mid Part Acc Plur Neut
AMPASF	Aor Mid Part Acc Sing Fem
AMPASF	Aor Mid Part Acc Sing Fem
AMPASF	Aor Mid Part Acc Sing Fem
AMPASM	Aor Mid Part Acc Sing Masc
AMPASM	Aor Mid Part Acc Sing Masc
AMPASM	Aor Mid Part Acc Sing Masc
AMPASM	Aor Mid Part Acc Sing Masc
AMPASN	Aor Mid Part Acc Sing Neut
AMPASN	Aor Mid Part Acc Sing Neut
AMPASN	Aor Mid Part Acc Sing Neut
AMPASN	Aor Mid Part Acc Sing Neut
AMPDPF	Aor Mid Part Dat Plur Fem
AMPDPM	Aor Mid Part Dat Plur Masc
AMPDPM	Aor Mid Part Dat Plur Masc
AMPDPM	Aor Mid Part Dat Plur Masc
AMPDPN	Aor Mid Part Dat Plur Neut
AMPDSF	Aor Mid Part Dat Sing Fem
AMPDSM	Aor Mid Part Dat Sing Masc
AMPDSM	Aor Mid Part Dat Sing Masc
AMPGPF	Aor Mid Part Gen Plur Fem
AMPGPF	Aor Mid Part Gen Plur Fem
AMPGPM	Aor Mid Part Gen Plur Masc
AMPGPM	Aor Mid Part Gen Plur Masc
AMPGPM	Aor Mid Part Gen Plur Masc
AMPGPN	Aor Mid Part Gen Plur Neut
AMPGPN	Aor Mid Part Gen Plur Neut
AMPGPN	Aor Mid Part Gen Plur Neut
AMPGSF	Aor Mid Part Gen Sing Fem
AMPGSF	Aor Mid Part Gen Sing Fem
AMPGSF	Aor Mid Part Gen Sing Fem
AMPGSM	Aor Mid Part Gen Sing Masc
AMPGSM	Aor Mid Part Gen Sing Masc
AMPGSM	Aor Mid Part Gen Sing Masc
AMPGSM	Aor Mid Part Gen Sing Masc
AMPGSM	Aor Mid Part Gen Sing Masc
AMPGSN	Aor Mid Part Gen Sing Neut
AMPGSN	Aor Mid Part Gen Sing Neut
AMPGSN	Aor Mid Part Gen Sing Neut
AMPNPF	Aor Mid Part Nom Plur Fem
AMPNPF	Aor Mid Part Nom Plur Fem
AMPNPF	Aor Mid Part Nom Plur Fem
AMPNPF	Aor Mid Part Nom Plur Fem
AMPNPF	Aor Mid Part Nom Plur Fem
AMPNPF	Aor Mid Part Nom Plur Fem
AMPNPM	Aor Mid Part Nom Plur Masc
AMPNPM	Aor Mid Part Nom Plur Masc
AMPNPM	Aor Mid Part Nom Plur Masc
AMPNPM	Aor Mid Part Nom Plur Masc
AMPNPM	Aor Mid Part Nom Plur Masc
AMPNPM	Aor Mid Part Nom Plur Masc
AMPNPM	Aor Mid Part Nom Plur Masc
AMPNPM	Aor Mid Part Nom Plur Masc
AMPNPM	Aor Mid Part Nom Plur Masc
AMPNPN	Aor Mid Part Nom Plur Neut
AMPNSF	Aor Mid Part Nom Sing Fem
AMPNSF	Aor Mid Part Nom Sing Fem
AMPNSF	Aor Mid Part Nom Sing Fem
AMPNSF	Aor Mid Part Nom Sing Fem
AMPNSM	Aor Mid Part Nom Sing Masc
AMPNSM	Aor Mid Part Nom Sing Masc
AMPNSM	Aor Mid Part Nom Sing Masc
AMPNSM	Aor Mid Part Nom Sing Masc
AMPNSM	Aor Mid Part Nom Sing Masc
AMPNSM	Aor Mid Part Nom Sing Masc
AMPNSN	Aor Mid Part Nom Sing Neut
AMPNSN	Aor Mid Part Nom Sing Neut
AMS1P	Aor Mid Subj 1st Plur
AMS1P	Aor Mid Subj 1st Plur
AMS1P	Aor Mid Subj 1st Plur
AMS1P	Aor Mid Subj 1st Plur
AMS1P	Aor Mid Subj 1st Plur
AMS1S	Aor Mid Subj 1st Sing
AMS1S	Aor Mid Subj 1st Sing
AMS1S	Aor Mid Subj 1st Sing
AMS1S	Aor Mid Subj 1st Sing
AMS2P	Aor Mid Subj 2nd Plur
AMS2P	Aor Mid Subj 2nd Plur
AMS2P	Aor Mid Subj 2nd Plur
AMS2P	Aor Mid Subj 2nd Plur
AMS2S	Aor Mid Subj 2nd Sing
AMS2S	Aor Mid Subj 2nd Sing
AMS2S	Aor Mid Subj 2nd Sing
AMS2S	Aor Mid Subj 2nd Sing
AMS2S	Aor Mid Subj 2nd Sing
AMS3P	Aor Mid Subj 3rd Plur
AMS3P	Aor Mid Subj 3rd Plur
AMS3P	Aor Mid Subj 3rd Plur
AMS3P	Aor Mid Subj 3rd Plur
AMS3S	Aor Mid Subj 3rd Sing
AMS3S	Aor Mid Subj 3rd Sing
AMS3S	Aor Mid Subj 3rd Sing
AMS3S	Aor Mid Subj 3rd Sing
AMS3S	Aor Mid Subj 3rd Sing
AMS3S	Aor Mid Subj 3rd Sing
AMS3S	Aor Mid Subj 3rd Sing
AP	Acc Plur
AP	Acc Plur
AP	Acc Plur
APD2P	Aor Pass Imperative 2nd Plur
APD2P	Aor Pass Imperative 2nd Plur
APD2P	Aor Pass Imperative 2nd Plur
APD2P	Aor Pass Imperative 2nd Plur
APD2P	Aor Pass Imperative 2nd Plur
APD2P	Aor Pass Imperative 2nd Plur
APD2P	Aor Pass Imperative 2nd Plur
APD2P	Aor Pass Imperative 2nd Plur
APD2P	Aor Pass Imperative 2nd Plur
APD2S	Aor Pass Imperative 2nd Sing
APD2S	Aor Pass Imperative 2nd Sing
APD2S	Aor Pass Imperative 2nd Sing
APD2S	Aor Pass Imperative 2nd Sing
APD2S	Aor Pass Imperative 2nd Sing
APD2S	Aor Pass Imperative 2nd Sing
APD2S	Aor Pass Imperative 2nd Sing
APD2S	Aor Pass Imperative 2nd Sing
APD2S	Aor Pass Imperative 2nd Sing
APD3P	Aor Pass Imperative 3rd Plur
APD3P	Aor Pass Imperative 3rd Plur
APD3P	Aor Pass Imperative 3rd Plur
APD3P	Aor Pass Imperative 3rd Plur
APD3P	Aor Pass Imperative 3rd Plur
APD3P	Aor Pass Imperative 3rd Plur
APD3S	Aor Pass Imperative 3rd Sing
APD3S	Aor Pass Imperative 3rd Sing
APD3S	Aor Pass Imperative 3rd Sing
APD3S	Aor Pass Imperative 3rd Sing
APD3S	Aor Pass Imperative 3rd Sing
APD3S	Aor Pass Imperative 3rd Sing
APD3S	Aor Pass Imperative 3rd Sing
APD3S	Aor Pass Imperative 3rd Sing
APF	Acc Plur Fem
APF	Acc Plur Fem
APF	Acc Plur Fem
APF	Acc Plur Fem
APF	Acc Plur Fem
APF	Acc Plur Fem
APF	Acc Plur Fem
APF	Acc Plur Fem
APF	Acc Plur Fem
APF	Acc Plur Fem
APF	Acc Plur Fem
APF	Acc Plur Fem
APF	Acc Plur Fem
APF	Acc Plur Fem
APF	Acc Plur Fem
APF	Acc Plur Fem
APF	Acc Plur Fem
APF	Acc Plur Fem
APF	Acc Plur Fem
APF	Acc Plur Fem
APF	Acc Plur Fem
APF	Acc Plur Fem
APF	Acc Plur Fem
APF	Acc Plur Fem
APF	Acc Plur Fem
APF	Acc Plur Fem
APF	Acc Plur Fem
APF	Acc Plur Fem
APF	Acc Plur Fem
APF	Acc Plur Fem
APF	Acc Plur Fem
APF	Acc Plur Fem
APF	Acc Plur Fem
APF	Acc Plur Fem
APF	Acc Plur Fem
APFC	Acc Plur Fem Compar
APFC	Acc Plur Fem Compar
APFC	Acc Plur Fem Compar
APFC	Acc Plur Fem Compar
APFS	Acc Plur Fem Superlative
API1P	Aor Pass Ind 1st Plur
API1P	Aor Pass Ind 1st Plur
API1P	Aor Pass Ind 1st Plur
API1P	Aor Pass Ind 1st Plur
API1P	Aor Pass Ind 1st Plur
API1P	Aor Pass Ind 1st Plur
API1P	Aor Pass Ind 1st Plur
API1P	Aor Pass Ind 1st Plur
API1P	Aor Pass Ind 1st Plur
API1S	Aor Pass Ind 1st Sing
API1S	Aor Pass Ind 1st Sing
API1S	Aor Pass Ind 1st Sing
API1S	Aor Pass Ind 1st Sing
API1S	Aor Pass Ind 1st Sing
API1S	Aor Pass Ind 1st Sing
API1S	Aor Pass Ind 1st Sing
API1S	Aor Pass Ind 1st Sing
API1S	Aor Pass Ind 1st Sing
API1S	Aor Pass Ind 1st Sing
API1S	Aor Pass Ind 1st Sing
API2P	Aor Pass Ind 2nd Plur
API2P	Aor Pass Ind 2nd Plur
API2P	Aor Pass Ind 2nd Plur
API2P	Aor Pass Ind 2nd Plur
API2P	Aor Pass Ind 2nd Plur
API2P	Aor Pass Ind 2nd Plur
API2P	Aor Pass Ind 2nd Plur
API2P	Aor Pass Ind 2nd Plur
API2S	Aor Pass Ind 2nd Sing
API2S	Aor Pass Ind 2nd Sing
API2S	Aor Pass Ind 2nd Sing
API2S	Aor Pass Ind 2nd Sing
API2S	Aor Pass Ind 2nd Sing
API2S	Aor Pass Ind 2nd Sing
API2S	Aor Pass Ind 2nd Sing
API2S	Aor Pass Ind 2nd Sing
API2S	Aor Pass Ind 2nd Sing
API3P	Aor Pass Ind 3rd Plur
API3P	Aor Pass Ind 3rd Plur
API3P	Aor Pass Ind 3rd Plur
API3P	Aor Pass Ind 3rd Plur
API3P	Aor Pass Ind 3rd Plur
API3P	Aor Pass Ind 3rd Plur
API3P	Aor Pass Ind 3rd Plur
API3P	Aor Pass Ind 3rd Plur
API3P	Aor Pass Ind 3rd Plur
API3P	Aor Pass Ind 3rd Plur
API3P	Aor Pass Ind 3rd Plur
API3P	Aor Pass Ind 3rd Plur
API3P	Aor Pass Ind 3rd Plur
API3P	Aor Pass Ind 3rd Plur
API3P	Aor Pass Ind 3rd Plur
API3S	Aor Pass Ind 3rd Sing
API3S	Aor Pass Ind 3rd Sing
API3S	Aor Pass Ind 3rd Sing
API3S	Aor Pass Ind 3rd Sing
API3S	Aor Pass Ind 3rd Sing
API3S	Aor Pass Ind 3rd Sing
API3S	Aor Pass Ind 3rd Sing
API3S	Aor Pass Ind 3rd Sing
API3S	Aor Pass Ind 3rd Sing
API3S	Aor Pass Ind 3rd Sing
API3S	Aor Pass Ind 3rd Sing
API3S	Aor Pass Ind 3rd Sing
API3S	Aor Pass Ind 3rd Sing
API3S	Aor Pass Ind 3rd Sing
API3S	Aor Pass Ind 3rd Sing
API3S	Aor Pass Ind 3rd Sing
API3S	Aor Pass Ind 3rd Sing
API3S	Aor Pass Ind 3rd Sing
APM	Acc Plur Masc
APM	Acc Plur Masc
APM	Acc Plur Masc
APM	Acc Plur Masc
APM	Acc Plur Masc
APM	Acc Plur Masc
APM	Acc Plur Masc
APM	Acc Plur Masc
APM	Acc Plur Masc
APM	Acc Plur Masc
APM	Acc Plur Masc
APM	Acc Plur Masc
APM	Acc Plur Masc
APM	Acc Plur Masc
APM	Acc Plur Masc
APM	Acc Plur Masc
APM	Acc Plur Masc
APM	Acc Plur Masc
APM	Acc Plur Masc
APM	Acc Plur Masc
APM	Acc Plur Masc
APM	Acc Plur Masc
APM	Acc Plur Masc
APM	Acc Plur Masc
APM	Acc Plur Masc
APM	Acc Plur Masc
APM	Acc Plur Masc
APM	Acc Plur Masc
APM	Acc Plur Masc
APM	Acc Plur Masc
APM	Acc Plur Masc
APM	Acc Plur Masc
APM	Acc Plur Masc
APM	Acc Plur Masc
APM	Acc Plur Masc
APM	Acc Plur Masc
APM	Acc Plur Masc
APM	Acc Plur Masc
APM	Acc Plur Masc
APM	Acc Plur Masc
APM	Acc Plur Masc
APM	Acc Plur Masc
APMC	Acc Plur Masc Compar
APMC	Acc Plur Masc Compar
APMC	Acc Plur Masc Compar
APMC	Acc Plur Masc Compar
APMC	Acc Plur Masc Compar
APMC	Acc Plur Masc Compar
APMS	Acc Plur Masc Superlative
APMS	Acc Plur Masc Superlative
APMS	Acc Plur Masc Superlative
APN	Acc Plur Neut
APN	Acc Plur Neut
APN	Acc Plur Neut
APN	Acc Plur Neut
APN	Acc Plur Neut
APN	Acc Plur Neut
APN	Acc Plur Neut
APN	Acc Plur Neut
APN	Acc Plur Neut
APN	Acc Plur Neut
APN	Acc Plur Neut
APN	Acc Plur Neut
APN	Acc Plur Neut
APN	Acc Plur Neut
APN	Acc Plur Neut
APN	Acc Plur Neut
APN	Acc Plur Neut
APN	Acc Plur Neut
APN	Acc Plur Neut
APN	Acc Plur Neut
APN	Acc Plur Neut
APN	Acc Plur Neut
APN	Acc Plur Neut
APN	Acc Plur Neut
APN	Acc Plur Neut
APN	Acc Plur Neut
APN	Acc Plur Neut
APN	Acc Plur Neut
APN	Acc Plur Neut
APN	Acc Plur Neut
APN	Acc Plur Neut
APN	Acc Plur Neut
APN	Acc Plur Neut
APN	Acc Plur Neut
APN	Acc Plur Neut
APN	Acc Plur Neut
APN	Acc Plur Neut
APN	Acc Plur Neut
APN	Acc Plur Neut
APN	Acc Plur Neut
APN	Acc Plur Neut
APN	Acc Plur Neut
APN	Acc Plur Neut
APN	Acc Plur Neut
APN	Acc Plur Neut
APNC	Acc Plur Neut Compar
APNC	Acc Plur Neut Compar
APNC	Acc Plur Neut Compar
APNC	Acc Plur Neut Compar
APNS	Acc Plur Neut Superlative
APNS	Acc Plur Neut Superlative
APNS	Acc Plur Neut Superlative
APO1P	Aor Pass Opt 1st Plur
APO1P	Aor Pass Opt 1st Plur
APO1P	Aor Pass Opt 1st Plur
APO1S	Aor Pass Opt 1st Sing
APO2P	Aor Pass Opt 2nd Plur
APO2S	Aor Pass Opt 2nd Sing
APO2S	Aor Pass Opt 2nd Sing
APO3P	Aor Pass Opt 3rd Plur
APO3P	Aor Pass Opt 3rd Plur
APO3P	Aor Pass Opt 3rd Plur
APO3P	Aor Pass Opt 3rd Plur
APO3P	Aor Pass Opt 3rd Plur
APO3P	Aor Pass Opt 3rd Plur
APO3S	Aor Pass Opt 3rd Sing
APO3S	Aor Pass Opt 3rd Sing
APO3S	Aor Pass Opt 3rd Sing
APO3S	Aor Pass Opt 3rd Sing
APO3S	Aor Pass Opt 3rd Sing
APO3S	Aor Pass Opt 3rd Sing
APO3S	Aor Pass Opt 3rd Sing
APP2S	Aor Pass Part 2nd Sing
APPAPF	Aor Pass Part Acc Plur Fem
APPAPF	Aor Pass Part Acc Plur Fem
APPAPM	Aor Pass Part Acc Plur Masc
APPAPM	Aor Pass Part Acc Plur Masc
APPAPM	Aor Pass Part Acc Plur Masc
APPAPM	Aor Pass Part Acc Plur Masc
APPAPM	Aor Pass Part Acc Plur Masc
APPAPM	Aor Pass Part Acc Plur Masc
APPAPM	Aor Pass Part Acc Plur Masc
APPAPN	Aor Pass Part Acc Plur Neut
APPAPN	Aor Pass Part Acc Plur Neut
APPAPN	Aor Pass Part Acc Plur Neut
APPAPN	Aor Pass Part Acc Plur Neut
APPAPN	Aor Pass Part Acc Plur Neut
APPAPN	Aor Pass Part Acc Plur Neut
APPASF	Aor Pass Part Acc Sing Fem
APPASF	Aor Pass Part Acc Sing Fem
APPASF	Aor Pass Part Acc Sing Fem
APPASF	Aor Pass Part Acc Sing Fem
APPASF	Aor Pass Part Acc Sing Fem
APPASM	Aor Pass Part Acc Sing Masc
APPASM	Aor Pass Part Acc Sing Masc
APPASM	Aor Pass Part Acc Sing Masc
APPASM	Aor Pass Part Acc Sing Masc
APPASM	Aor Pass Part Acc Sing Masc
APPASM	Aor Pass Part Acc Sing Masc
APPASN	Aor Pass Part Acc Sing Neut
APPASN	Aor Pass Part Acc Sing Neut
APPASN	Aor Pass Part Acc Sing Neut
APPASN	Aor Pass Part Acc Sing Neut
APPASN	Aor Pass Part Acc Sing Neut
APPASN	Aor Pass Part Acc Sing Neut
APPDPM	Aor Pass Part Dat Plur Masc
APPDPM	Aor Pass Part Dat Plur Masc
APPDPM	Aor Pass Part Dat Plur Masc
APPDPN	Aor Pass Part Dat Plur Neut
APPDPN	Aor Pass Part Dat Plur Neut
APPDPN	Aor Pass Part Dat Plur Neut
APPDPN	Aor Pass Part Dat Plur Neut
APPDSF	Aor Pass Part Dat Sing Fem
APPDSF	Aor Pass Part Dat Sing Fem
APPDSF	Aor Pass Part Dat Sing Fem
APPDSM	Aor Pass Part Dat Sing Masc
APPDSM	Aor Pass Part Dat Sing Masc
APPDSM	Aor Pass Part Dat Sing Masc
APPDSM	Aor Pass Part Dat Sing Masc
APPDSN	Aor Pass Part Dat Sing Neut
APPGPF	Aor Pass Part Gen Plur Fem
APPGPM	Aor Pass Part Gen Plur Masc
APPGPM	Aor Pass Part Gen Plur Masc
APPGPM	Aor Pass Part Gen Plur Masc
APPGPM	Aor Pass Part Gen Plur Masc
APPGPM	Aor Pass Part Gen Plur Masc
APPGPM	Aor Pass Part Gen Plur Masc
APPGPN	Aor Pass Part Gen Plur Neut
APPGPN	Aor Pass Part Gen Plur Neut
APPGPN	Aor Pass Part Gen Plur Neut
APPGPN	Aor Pass Part Gen Plur Neut
APPGSF	Aor Pass Part Gen Sing Fem
APPGSF	Aor Pass Part Gen Sing Fem
APPGSF	Aor Pass Part Gen Sing Fem
APPGSF	Aor Pass Part Gen Sing Fem
APPGSF	Aor Pass Part Gen Sing Fem
APPGSF	Aor Pass Part Gen Sing Fem
APPGSM	Aor Pass Part Gen Sing Masc
APPGSM	Aor Pass Part Gen Sing Masc
APPGSM	Aor Pass Part Gen Sing Masc
APPGSM	Aor Pass Part Gen Sing Masc
APPGSM	Aor Pass Part Gen Sing Masc
APPGSM	Aor Pass Part Gen Sing Masc
APPGSN	Aor Pass Part Gen Sing Neut
APPGSN	Aor Pass Part Gen Sing Neut
APPGSN	Aor Pass Part Gen Sing Neut
APPGSN	Aor Pass Part Gen Sing Neut
APPGSN	Aor Pass Part Gen Sing Neut
APPNPF	Aor Pass Part Nom Plur Fem
APPNPF	Aor Pass Part Nom Plur Fem
APPNPF	Aor Pass Part Nom Plur Fem
APPNPM	Aor Pass Part Nom Plur Masc
APPNPM	Aor Pass Part Nom Plur Masc
APPNPM	Aor Pass Part Nom Plur Masc
APPNPM	Aor Pass Part Nom Plur Masc
APPNPM	Aor Pass Part Nom Plur Masc
APPNPM	Aor Pass Part Nom Plur Masc
APPNPN	Aor Pass Part Nom Plur Neut
APPNPN	Aor Pass Part Nom Plur Neut
APPNPN	Aor Pass Part Nom Plur Neut
APPNPN	Aor Pass Part Nom Plur Neut
APPNPN	Aor Pass Part Nom Plur Neut
APPNSF	Aor Pass Part Nom Sing Fem
APPNSF	Aor Pass Part Nom Sing Fem
APPNSF	Aor Pass Part Nom Sing Fem
APPNSF	Aor Pass Part Nom Sing Fem
APPNSF	Aor Pass Part Nom Sing Fem
APPNSF	Aor Pass Part Nom Sing Fem
APPNSF	Aor Pass Part Nom Sing Fem
APPNSM	Aor Pass Part Nom Sing Masc
APPNSM	Aor Pass Part Nom Sing Masc
APPNSM	Aor Pass Part Nom Sing Masc
APPNSM	Aor Pass Part Nom Sing Masc
APPNSM	Aor Pass Part Nom Sing Masc
APPNSM	Aor Pass Part Nom Sing Masc
APPNSM	Aor Pass Part Nom Sing Masc
APPNSM	Aor Pass Part Nom Sing Masc
APPNSN	Aor Pass Part Nom Sing Neut
APPNSN	Aor Pass Part Nom Sing Neut
APPNSN	Aor Pass Part Nom Sing Neut
APPNSN	Aor Pass Part Nom Sing Neut
APPNSN	Aor Pass Part Nom Sing Neut
APPNSN	Aor Pass Part Nom Sing Neut
APPNSN	Aor Pass Part Nom Sing Neut
APPVSF	Aor Pass Part Voc Sing Fem
APS1P	Aor Pass Subj 1st Plur
APS1P	Aor Pass Subj 1st Plur
APS1P	Aor Pass Subj 1st Plur
APS1P	Aor Pass Subj 1st Plur
APS1P	Aor Pass Subj 1st Plur
APS1P	Aor Pass Subj 1st Plur
APS1P	Aor Pass Subj 1st Plur
APS1S	Aor Pass Subj 1st Sing
APS1S	Aor Pass Subj 1st Sing
APS1S	Aor Pass Subj 1st Sing
APS1S	Aor Pass Subj 1st Sing
APS1S	Aor Pass Subj 1st Sing
APS2P	Aor Pass Subj 2nd Plur
APS2P	Aor Pass Subj 2nd Plur
APS2P	Aor Pass Subj 2nd Plur
APS2P	Aor Pass Subj 2nd Plur
APS2P	Aor Pass Subj 2nd Plur
APS2P	Aor Pass Subj 2nd Plur
APS2P	Aor Pass Subj 2nd Plur
APS2S	Aor Pass Subj 2nd Sing
APS2S	Aor Pass Subj 2nd Sing
APS2S	Aor Pass Subj 2nd Sing
APS2S	Aor Pass Subj 2nd Sing
APS2S	Aor Pass Subj 2nd Sing
APS2S	Aor Pass Subj 2nd Sing
APS2S	Aor Pass Subj 2nd Sing
APS3P	Aor Pass Subj 3rd Plur
APS3P	Aor Pass Subj 3rd Plur
APS3P	Aor Pass Subj 3rd Plur
APS3P	Aor Pass Subj 3rd Plur
APS3P	Aor Pass Subj 3rd Plur
APS3P	Aor Pass Subj 3rd Plur
APS3P	Aor Pass Subj 3rd Plur
APS3P	Aor Pass Subj 3rd Plur
APS3S	Aor Pass Subj 3rd Sing
APS3S	Aor Pass Subj 3rd Sing
APS3S	Aor Pass Subj 3rd Sing
APS3S	Aor Pass Subj 3rd Sing
APS3S	Aor Pass Subj 3rd Sing
APS3S	Aor Pass Subj 3rd Sing
APS3S	Aor Pass Subj 3rd Sing
AS	Acc Sing
AS	Acc Sing
AS	Acc Sing
AS	Acc Sing
AS	Acc Sing
AS	Acc Sing
AS	Acc Sing
AS	Acc Sing
AS	Acc Sing
ASF	Acc Sing Fem
ASF	Acc Sing Fem
ASF	Acc Sing Fem
ASF	Acc Sing Fem
ASF	Acc Sing Fem
ASF	Acc Sing Fem
ASF	Acc Sing Fem
ASF	Acc Sing Fem
ASF	Acc Sing Fem
ASF	Acc Sing Fem
ASF	Acc Sing Fem
ASF	Acc Sing Fem
ASF	Acc Sing Fem
ASF	Acc Sing Fem
ASF	Acc Sing Fem
ASF	Acc Sing Fem
ASF	Acc Sing Fem
ASF	Acc Sing Fem
ASF	Acc Sing Fem
ASF	Acc Sing Fem
ASF	Acc Sing Fem
ASF	Acc Sing Fem
ASF	Acc Sing Fem
ASF	Acc Sing Fem
ASF	Acc Sing Fem
ASF	Acc Sing Fem
ASF	Acc Sing Fem
ASF	Acc Sing Fem
ASF	Acc Sing Fem
ASF	Acc Sing Fem
ASF	Acc Sing Fem
ASF	Acc Sing Fem
ASF	Acc Sing Fem
ASF	Acc Sing Fem
ASFC	Acc Sing Fem Compar
ASFC	Acc Sing Fem Compar
ASFC	Acc Sing Fem Compar
ASFC	Acc Sing Fem Compar
ASFC	Acc Sing Fem Compar
ASFS	Acc Sing Fem Superlative
ASFS	Acc Sing Fem Superlative
ASFS	Acc Sing Fem Superlative
ASFS	Acc Sing Fem Superlative
ASM	Acc Sing Masc
ASM	Acc Sing Masc
ASM	Acc Sing Masc
ASM	Acc Sing Masc
ASM	Acc Sing Masc
ASM	Acc Sing Masc
ASM	Acc Sing Masc
ASM	Acc Sing Masc
ASM	Acc Sing Masc
ASM	Acc Sing Masc
ASM	Acc Sing Masc
ASM	Acc Sing Masc
ASM	Acc Sing Masc
ASM	Acc Sing Masc
ASM	Acc Sing Masc
ASM	Acc Sing Masc
ASM	Acc Sing Masc
ASM	Acc Sing Masc
ASM	Acc Sing Masc
ASM	Acc Sing Masc
ASM	Acc Sing Masc
ASM	Acc Sing Masc
ASM	Acc Sing Masc
ASM	Acc Sing Masc
ASM	Acc Sing Masc
ASM	Acc Sing Masc
ASM	Acc Sing Masc
ASM	Acc Sing Masc
ASM	Acc Sing Masc
ASM	Acc Sing Masc
ASM	Acc Sing Masc
ASM	Acc Sing Masc
ASM	Acc Sing Masc
ASM	Acc Sing Masc
ASM	Acc Sing Masc
ASM	Acc Sing Masc
ASM	Acc Sing Masc
ASM	Acc Sing Masc
ASM	Acc Sing Masc
ASM	Acc Sing Masc
ASM	Acc Sing Masc
ASM	Acc Sing Masc
ASMC	Acc Sing Masc Compar
ASMC	Acc Sing Masc Compar
ASMC	Acc Sing Masc Compar
ASMC	Acc Sing Masc Compar
ASMC	Acc Sing Masc Compar
ASMS	Acc Sing Masc Superlative
ASMS	Acc Sing Masc Superlative
ASMS	Acc Sing Masc Superlative
ASN	Acc Sing Neut
ASN	Acc Sing Neut
ASN	Acc Sing Neut
ASN	Acc Sing Neut
ASN	Acc Sing Neut
ASN	Acc Sing Neut
ASN	Acc Sing Neut
ASN	Acc Sing Neut
ASN	Acc Sing Neut
ASNC	Acc Sing Neut Compar
ASNC	Acc Sing Neut Compar
ASNC	Acc Sing Neut Compar
ASNC	Acc Sing Neut Compar
ASNC	Acc Sing Neut Compar
ASNC	Acc Sing Neut Compar
ASNS	Acc Sing Neut Superlative
ASNS	Acc Sing Neut Superlative
ASNS	Acc Sing Neut Superlative
ASNS	Acc Sing Neut Superlative
ASNS	Acc Sing Neut Superlative
B	
B	
B	
B	
B	
C	Compar
D	Dat
D	Dat
D	Dat
DP	Dat Plur
DP	Dat Plur
DP	Dat Plur
DP	Dat Plur
DP	Dat Plur
DP	Dat Plur
DPF	Dat Plur Fem
DPF	Dat Plur Fem
DPF	Dat Plur Fem
DPF	Dat Plur Fem
DPF	Dat Plur Fem
DPF	Dat Plur Fem
DPF	Dat Plur Fem
DPF	Dat Plur Fem
DPF	Dat Plur Fem
DPF	Dat Plur Fem
DPF	Dat Plur Fem
DPF	Dat Plur Fem
DPF	Dat Plur Fem
DPF	Dat Plur Fem
DPF	Dat Plur Fem
DPF	Dat Plur Fem
DPF	Dat Plur Fem
DPF	Dat Plur Fem
DPF	Dat Plur Fem
DPF	Dat Plur Fem
DPF	Dat Plur Fem
DPF	Dat Plur Fem
DPF	Dat Plur Fem
DPF	Dat Plur Fem
DPF	Dat Plur Fem
DPF	Dat Plur Fem
DPF	Dat Plur Fem
DPF	Dat Plur Fem
DPF	Dat Plur Fem
DPF	Dat Plur Fem
DPF	Dat Plur Fem
DPFC	Dat Plur Fem Compar
DPFS	Dat Plur Fem Superlative
DPM	Dat Plur Masc
DPM	Dat Plur Masc
DPM	Dat Plur Masc
DPM	Dat Plur Masc
DPM	Dat Plur Masc
DPM	Dat Plur Masc
DPM	Dat Plur Masc
DPM	Dat Plur Masc
DPM	Dat Plur Masc
DPM	Dat Plur Masc
DPM	Dat Plur Masc
DPM	Dat Plur Masc
DPM	Dat Plur Masc
DPM	Dat Plur Masc
DPM	Dat Plur Masc
DPM	Dat Plur Masc
DPM	Dat Plur Masc
DPM	Dat Plur Masc
DPM	Dat Plur Masc
DPM	Dat Plur Masc
DPM	Dat Plur Masc
DPM	Dat Plur Masc
DPM	Dat Plur Masc
DPM	Dat Plur Masc
DPM	Dat Plur Masc
DPM	Dat Plur Masc
DPM	Dat Plur Masc
DPM	Dat Plur Masc
DPM	Dat Plur Masc
DPM	Dat Plur Masc
DPM	Dat Plur Masc
DPM	Dat Plur Masc
DPM	Dat Plur Masc
DPM	Dat Plur Masc
DPM	Dat Plur Masc
DPM	Dat Plur Masc
DPM	Dat Plur Masc
DPM	Dat Plur Masc
DPM	Dat Plur Masc
DPM	Dat Plur Masc
DPMC	Dat Plur Masc Compar
DPMC	Dat Plur Masc Compar
DPMC	Dat Plur Masc Compar
DPMS	Dat Plur Masc Superlative
DPMS	Dat Plur Masc Superlative
DPMS	Dat Plur Masc Superlative
DPN	Dat Plur Neut
DPN	Dat Plur Neut
DPN	Dat Plur Neut
DPN	Dat Plur Neut
DPN	Dat Plur Neut
DPN	Dat Plur Neut
DPN	Dat Plur Neut
DPN	Dat Plur Neut
DPN	Dat Plur Neut
DPN	Dat Plur Neut
DPN	Dat Plur Neut
DPN	Dat Plur Neut
DPN	Dat Plur Neut
DPN	Dat Plur Neut
DPN	Dat Plur Neut
DPN	Dat Plur Neut
DPN	Dat Plur Neut
DPN	Dat Plur Neut
DPN	Dat Plur Neut
DPN	Dat Plur Neut
DPN	Dat Plur Neut
DPN	Dat Plur Neut
DPN	Dat Plur Neut
DPN	Dat Plur Neut
DPNS	Dat Plur Neut Superlative
DPNS	Dat Plur Neut Superlative
DPNS	Dat Plur Neut Superlative
DS	Dat Sing
DS	Dat Sing
DS	Dat Sing
DS	Dat Sing
DS	Dat Sing
DS	Dat Sing
DS	Dat Sing
DS	Dat Sing
DS	Dat Sing
DS	Dat Sing
DS	Dat Sing
DS	Dat Sing
DSF	Dat Sing Fem
DSF	Dat Sing Fem
DSF	Dat Sing Fem
DSF	Dat Sing Fem
DSF	Dat Sing Fem
DSF	Dat Sing Fem
DSF	Dat Sing Fem
DSF	Dat Sing Fem
DSF	Dat Sing Fem
DSF	Dat Sing Fem
DSF	Dat Sing Fem
DSF	Dat Sing Fem
DSF	Dat Sing Fem
DSF	Dat Sing Fem
DSF	Dat Sing Fem
DSF	Dat Sing Fem
DSF	Dat Sing Fem
DSF	Dat Sing Fem
DSF	Dat Sing Fem
DSF	Dat Sing Fem
DSF	Dat Sing Fem
DSF	Dat Sing Fem
DSF	Dat Sing Fem
DSF	Dat Sing Fem
DSF	Dat Sing Fem
DSF	Dat Sing Fem
DSF	Dat Sing Fem
DSF	Dat Sing Fem
DSF	Dat Sing Fem
DSF	Dat Sing Fem
DSF	Dat Sing Fem
DSF	Dat Sing Fem
DSF	Dat Sing Fem
DSF	Dat Sing Fem
DSF	Dat Sing Fem
DSF	Dat Sing Fem
DSFC	Dat Sing Fem Compar
DSFC	Dat Sing Fem Compar
DSFC	Dat Sing Fem Compar
DSFS	Dat Sing Fem Superlative
DSFS	Dat Sing Fem Superlative
DSFS	Dat Sing Fem Superlative
DSM	Dat Sing Masc
DSM	Dat Sing Masc
DSM	Dat Sing Masc
DSM	Dat Sing Masc
DSM	Dat Sing Masc
DSM	Dat Sing Masc
DSM	Dat Sing Masc
DSM	Dat Sing Masc
DSM	Dat Sing Masc
DSM	Dat Sing Masc
DSM	Dat Sing Masc
DSM	Dat Sing Masc
DSM	Dat Sing Masc
DSM	Dat Sing Masc
DSM	Dat Sing Masc
DSM	Dat Sing Masc
DSM	Dat Sing Masc
DSM	Dat Sing Masc
DSM	Dat Sing Masc
DSM	Dat Sing Masc
DSM	Dat Sing Masc
DSM	Dat Sing Masc
DSM	Dat Sing Masc
DSM	Dat Sing Masc
DSM	Dat Sing Masc
DSM	Dat Sing Masc
DSM	Dat Sing Masc
DSM	Dat Sing Masc
DSM	Dat Sing Masc
DSM	Dat Sing Masc
DSM	Dat Sing Masc
DSM	Dat Sing Masc
DSM	Dat Sing Masc
DSM	Dat Sing Masc
DSM	Dat Sing Masc
DSM	Dat Sing Masc
DSM	Dat Sing Masc
DSM	Dat Sing Masc
DSMC	Dat Sing Masc Compar
DSMC	Dat Sing Masc Compar
DSMC	Dat Sing Masc Compar
DSMS	Dat Sing Masc Superlative
DSMS	Dat Sing Masc Superlative
DSMS	Dat Sing Masc Superlative
DSMS	Dat Sing Masc Superlative
DSN	Dat Sing Neut
DSN	Dat Sing Neut
DSN	Dat Sing Neut
DSN	Dat Sing Neut
DSN	Dat Sing Neut
DSN	Dat Sing Neut
DSN	Dat Sing Neut
DSN	Dat Sing Neut
DSN	Dat Sing Neut
DSN	Dat Sing Neut
DSN	Dat Sing Neut
DSN	Dat Sing Neut
DSN	Dat Sing Neut
DSN	Dat Sing Neut
DSN	Dat Sing Neut
DSN	Dat Sing Neut
DSN	Dat Sing Neut
DSN	Dat Sing Neut
DSN	Dat Sing Neut
DSN	Dat Sing Neut
DSN	Dat Sing Neut
DSN	Dat Sing Neut
DSN	Dat Sing Neut
DSN	Dat Sing Neut
DSNC	Dat Sing Neut Compar
DSNS	Dat Sing Neut Superlative
DSNS	Dat Sing Neut Superlative
FAD2S	Fut Act Imperative 2nd Sing
FAI1P	Fut Act Ind 1st Plur
FAI1P	Fut Act Ind 1st Plur
FAI1P	Fut Act Ind 1st Plur
FAI1S	Fut Act Ind 1st Sing
FAI1S	Fut Act Ind 1st Sing
FAI1S	Fut Act Ind 1st Sing
FAI1S	Fut Act Ind 1st Sing
FAI2P	Fut Act Ind 2nd Plur
FAI2P	Fut Act Ind 2nd Plur
FAI2P	Fut Act Ind 2nd Plur
FAI2S	Fut Act Ind 2nd Sing
FAI2S	Fut Act Ind 2nd Sing
FAI2S	Fut Act Ind 2nd Sing
FAI2S	Fut Act Ind 2nd Sing
FAI2S	Fut Act Ind 2nd Sing
FAI2S	Fut Act Ind 2nd Sing
FAI3P	Fut Act Ind 3rd Plur
FAI3P	Fut Act Ind 3rd Plur
FAI3P	Fut Act Ind 3rd Plur
FAI3P	Fut Act Ind 3rd Plur
FAI3P	Fut Act Ind 3rd Plur
FAI3S	Fut Act Ind 3rd Sing
FAI3S	Fut Act Ind 3rd Sing
FAI3S	Fut Act Ind 3rd Sing
FAI3S	Fut Act Ind 3rd Sing
FAI3S	Fut Act Ind 3rd Sing
FAI3S	Fut Act Ind 3rd Sing
FAN	Fut Act Infin
FAN	Fut Act Infin
FAN	Fut Act Infin
FAN	Fut Act Infin
FAO3P	Fut Act Opt 3rd Plur
FAO3S	Fut Act Opt 3rd Sing
FAPAPM	Fut Act Part Acc Plur Masc
FAPAPM	Fut Act Part Acc Plur Masc
FAPAPN	Fut Act Part Acc Plur Neut
FAPASM	Fut Act Part Acc Sing Masc
FAPASN	Fut Act Part Acc Sing Neut
FAPNPM	Fut Act Part Nom Plur Masc
FAPNPM	Fut Act Part Nom Plur Masc
FAPNPM	Fut Act Part Nom Plur Masc
FAPNPM	Fut Act Part Nom Plur Masc
FAPNSF	Fut Act Part Nom Sing Fem
FAPNSM	Fut Act Part Nom Sing Masc
FAPNSM	Fut Act Part Nom Sing Masc
FAPNSM	Fut Act Part Nom Sing Masc
FAPNSN	Fut Act Part Nom Sing Neut
FAS1S	Fut Act Subj 1st Sing
FMD2P	Fut Mid Imperative 2nd Plur
FMI1P	Fut Mid Ind 1st Plur
FMI1P	Fut Mid Ind 1st Plur
FMI1P	Fut Mid Ind 1st Plur
FMI1S	Fut Mid Ind 1st Sing
FMI1S	Fut Mid Ind 1st Sing
FMI1S	Fut Mid Ind 1st Sing
FMI1S	Fut Mid Ind 1st Sing
FMI1S	Fut Mid Ind 1st Sing
FMI2P	Fut Mid Ind 2nd Plur
FMI2P	Fut Mid Ind 2nd Plur
FMI2P	Fut Mid Ind 2nd Plur
FMI2P	Fut Mid Ind 2nd Plur
FMI2P	Fut Mid Ind 2nd Plur
FMI2S	Fut Mid Ind 2nd Sing
FMI2S	Fut Mid Ind 2nd Sing
FMI2S	Fut Mid Ind 2nd Sing
FMI2S	Fut Mid Ind 2nd Sing
FMI2S	Fut Mid Ind 2nd Sing
FMI3P	Fut Mid Ind 3rd Plur
FMI3P	Fut Mid Ind 3rd Plur
FMI3P	Fut Mid Ind 3rd Plur
FMI3P	Fut Mid Ind 3rd Plur
FMI3S	Fut Mid Ind 3rd Sing
FMI3S	Fut Mid Ind 3rd Sing
FMI3S	Fut Mid Ind 3rd Sing
FMI3S	Fut Mid Ind 3rd Sing
FMI3S	Fut Mid Ind 3rd Sing
FMN	Fut Mid Infin
FMO1P	Fut Mid Opt 1st Plur
FMO3S	Fut Mid Opt 3rd Sing
FMPAPM	Fut Mid Part Acc Plur Masc
FMPAPN	Fut Mid Part Acc Plur Neut
FMPASF	Fut Mid Part Acc Sing Fem
FMPASM	Fut Mid Part Acc Sing Masc
FMPASN	Fut Mid Part Acc Sing Neut
FMPASN	Fut Mid Part Acc Sing Neut
FMPGPN	Fut Mid Part Gen Plur Neut
FMPGSF	Fut Mid Part Gen Sing Fem
FMPGSM	Fut Mid Part Gen Sing Masc
FMPNPN	Fut Mid Part Nom Plur Neut
FMPNSM	Fut Mid Part Nom Sing Masc
FMPNSN	Fut Mid Part Nom Sing Neut
FMS2S	Fut Mid Subj 2nd Sing
FPI1P	Fut Pass Ind 1st Plur
FPI1P	Fut Pass Ind 1st Plur
FPI1P	Fut Pass Ind 1st Plur
FPI1P	Fut Pass Ind 1st Plur
FPI1P	Fut Pass Ind 1st Plur
FPI1S	Fut Pass Ind 1st Sing
FPI1S	Fut Pass Ind 1st Sing
FPI1S	Fut Pass Ind 1st Sing
FPI1S	Fut Pass Ind 1st Sing
FPI1S	Fut Pass Ind 1st Sing
FPI1S	Fut Pass Ind 1st Sing
FPI2P	Fut Pass Ind 2nd Plur
FPI2P	Fut Pass Ind 2nd Plur
FPI2P	Fut Pass Ind 2nd Plur
FPI2P	Fut Pass Ind 2nd Plur
FPI2P	Fut Pass Ind 2nd Plur
FPI2P	Fut Pass Ind 2nd Plur
FPI2P	Fut Pass Ind 2nd Plur
FPI2S	Fut Pass Ind 2nd Sing
FPI2S	Fut Pass Ind 2nd Sing
FPI2S	Fut Pass Ind 2nd Sing
FPI2S	Fut Pass Ind 2nd Sing
FPI2S	Fut Pass Ind 2nd Sing
FPI2S	Fut Pass Ind 2nd Sing
FPI2S	Fut Pass Ind 2nd Sing
FPI3P	Fut Pass Ind 3rd Plur
FPI3P	Fut Pass Ind 3rd Plur
FPI3P	Fut Pass Ind 3rd Plur
FPI3P	Fut Pass Ind 3rd Plur
FPI3P	Fut Pass Ind 3rd Plur
FPI3P	Fut Pass Ind 3rd Plur
FPI3P	Fut Pass Ind 3rd Plur
FPI3P	Fut Pass Ind 3rd Plur
FPI3S	Fut Pass Ind 3rd Sing
FPI3S	Fut Pass Ind 3rd Sing
FPI3S	Fut Pass Ind 3rd Sing
FPI3S	Fut Pass Ind 3rd Sing
FPI3S	Fut Pass Ind 3rd Sing
FPI3S	Fut Pass Ind 3rd Sing
FPI3S	Fut Pass Ind 3rd Sing
FPI3S	Fut Pass Ind 3rd Sing
FPI3S	Fut Pass Ind 3rd Sing
FPI3S	Fut Pass Ind 3rd Sing
FPI3S	Fut Pass Ind 3rd Sing
FPN	Fut Pass Infin
FPN	Fut Pass Infin
FPPAPF	Fut Pass Part Acc Plur Fem
FPPAPM	Fut Pass Part Acc Plur Masc
FPPAPN	Fut Pass Part Acc Plur Neut
FPPDPM	Fut Pass Part Dat Plur Masc
FPPDPN	Fut Pass Part Dat Plur Neut
FPPDSM	Fut Pass Part Dat Sing Masc
FPPGPM	Fut Pass Part Gen Plur Masc
FPPGPN	Fut Pass Part Gen Plur Neut
FPPNPM	Fut Pass Part Nom Plur Masc
FPPNSM	Fut Pass Part Nom Sing Masc
FPPNSN	Fut Pass Part Nom Sing Neut
FPS2S	Fut Pass Subj 2nd Sing
FPS3P	Fut Pass Subj 3rd Plur
G	Gen
G/D	Gen/Dat
GDF	Gen Dual Fem
GDM	Gen Dual Masc
GDN	Gen Dual Neut
GP	Gen Plur
GP	Gen Plur
GP	Gen Plur
GP	Gen Plur
GPF	Gen Plur Fem
GPF	Gen Plur Fem
GPF	Gen Plur Fem
GPF	Gen Plur Fem
GPF	Gen Plur Fem
GPF	Gen Plur Fem
GPF	Gen Plur Fem
GPF	Gen Plur Fem
GPF	Gen Plur Fem
GPF	Gen Plur Fem
GPF	Gen Plur Fem
GPF	Gen Plur Fem
GPF	Gen Plur Fem
GPF	Gen Plur Fem
GPF	Gen Plur Fem
GPF	Gen Plur Fem
GPF	Gen Plur Fem
GPF	Gen Plur Fem
GPF	Gen Plur Fem
GPF	Gen Plur Fem
GPF	Gen Plur Fem
GPF	Gen Plur Fem
GPF	Gen Plur Fem
GPF	Gen Plur Fem
GPF	Gen Plur Fem
GPF	Gen Plur Fem
GPF	Gen Plur Fem
GPF	Gen Plur Fem
GPF	Gen Plur Fem
GPF	Gen Plur Fem
GPF	Gen Plur Fem
GPF	Gen Plur Fem
GPFC	Gen Plur Fem Compar
GPFS	Gen Plur Fem Superlative
GPFS	Gen Plur Fem Superlative
GPM	Gen Plur Masc
GPM	Gen Plur Masc
GPM	Gen Plur Masc
GPM	Gen Plur Masc
GPM	Gen Plur Masc
GPM	Gen Plur Masc
GPM	Gen Plur Masc
GPM	Gen Plur Masc
GPM	Gen Plur Masc
GPM	Gen Plur Masc
GPM	Gen Plur Masc
GPM	Gen Plur Masc
GPM	Gen Plur Masc
GPM	Gen Plur Masc
GPM	Gen Plur Masc
GPM	Gen Plur Masc
GPM	Gen Plur Masc
GPM	Gen Plur Masc
GPM	Gen Plur Masc
GPM	Gen Plur Masc
GPM	Gen Plur Masc
GPM	Gen Plur Masc
GPM	Gen Plur Masc
GPM	Gen Plur Masc
GPM	Gen Plur Masc
GPM	Gen Plur Masc
GPM	Gen Plur Masc
GPM	Gen Plur Masc
GPM	Gen Plur Masc
GPM	Gen Plur Masc
GPM	Gen Plur Masc
GPM	Gen Plur Masc
GPM	Gen Plur Masc
GPM	Gen Plur Masc
GPM	Gen Plur Masc
GPM	Gen Plur Masc
GPM	Gen Plur Masc
GPMC	Gen Plur Masc Compar
GPMC	Gen Plur Masc Compar
GPMC	Gen Plur Masc Compar
GPMS	Gen Plur Masc Superlative
GPMS	Gen Plur Masc Superlative
GPMS	Gen Plur Masc Superlative
GPN	Gen Plur Neut
GPN	Gen Plur Neut
GPN	Gen Plur Neut
GPN	Gen Plur Neut
GPN	Gen Plur Neut
GPN	Gen Plur Neut
GPN	Gen Plur Neut
GPN	Gen Plur Neut
GPN	Gen Plur Neut
GPN	Gen Plur Neut
GPN	Gen Plur Neut
GPN	Gen Plur Neut
GPN	Gen Plur Neut
GPN	Gen Plur Neut
GPN	Gen Plur Neut
GPN	Gen Plur Neut
GPN	Gen Plur Neut
GPN	Gen Plur Neut
GPN	Gen Plur Neut
GPN	Gen Plur Neut
GPN	Gen Plur Neut
GPN	Gen Plur Neut
GPN	Gen Plur Neut
GPN	Gen Plur Neut
GPNC	Gen Plur Neut Compar
GPNC	Gen Plur Neut Compar
GPNS	Gen Plur Neut Superlative
GPNS	Gen Plur Neut Superlative
GPNS	Gen Plur Neut Superlative
GS	Gen Sing
GS	Gen Sing
GS	Gen Sing
GS	Gen Sing
GS	Gen Sing
GS	Gen Sing
GS	Gen Sing
GS	Gen Sing
GS	Gen Sing
GS	Gen Sing
GS	Gen Sing
GS	Gen Sing
GS	Gen Sing
GS	Gen Sing
GS	Gen Sing
GSF	Gen Sing Fem
GSF	Gen Sing Fem
GSF	Gen Sing Fem
GSF	Gen Sing Fem
GSF	Gen Sing Fem
GSF	Gen Sing Fem
GSF	Gen Sing Fem
GSF	Gen Sing Fem
GSF	Gen Sing Fem
GSF	Gen Sing Fem
GSF	Gen Sing Fem
GSF	Gen Sing Fem
GSF	Gen Sing Fem
GSF	Gen Sing Fem
GSF	Gen Sing Fem
GSF	Gen Sing Fem
GSF	Gen Sing Fem
GSF	Gen Sing Fem
GSF	Gen Sing Fem
GSF	Gen Sing Fem
GSF	Gen Sing Fem
GSF	Gen Sing Fem
GSF	Gen Sing Fem
GSF	Gen Sing Fem
GSF	Gen Sing Fem
GSF	Gen Sing Fem
GSF	Gen Sing Fem
GSF	Gen Sing Fem
GSF	Gen Sing Fem
GSF	Gen Sing Fem
GSF	Gen Sing Fem
GSF	Gen Sing Fem
GSF	Gen Sing Fem
GSF	Gen Sing Fem
GSFC	Gen Sing Fem Compar
GSFC	Gen Sing Fem Compar
GSFS	Gen Sing Fem Superlative
GSFS	Gen Sing Fem Superlative
GSFS	Gen Sing Fem Superlative
GSM	Gen Sing Masc
GSM	Gen Sing Masc
GSM	Gen Sing Masc
GSM	Gen Sing Masc
GSM	Gen Sing Masc
GSM	Gen Sing Masc
GSM	Gen Sing Masc
GSM	Gen Sing Masc
GSM	Gen Sing Masc
GSM	Gen Sing Masc
GSM	Gen Sing Masc
GSM	Gen Sing Masc
GSM	Gen Sing Masc
GSM	Gen Sing Masc
GSM	Gen Sing Masc
GSM	Gen Sing Masc
GSM	Gen Sing Masc
GSM	Gen Sing Masc
GSM	Gen Sing Masc
GSM	Gen Sing Masc
GSM	Gen Sing Masc
GSM	Gen Sing Masc
GSM	Gen Sing Masc
GSM	Gen Sing Masc
GSM	Gen Sing Masc
GSM	Gen Sing Masc
GSM	Gen Sing Masc
GSM	Gen Sing Masc
GSM	Gen Sing Masc
GSM	Gen Sing Masc
GSM	Gen Sing Masc
GSM	Gen Sing Masc
GSM	Gen Sing Masc
GSM	Gen Sing Masc
GSM	Gen Sing Masc
GSM	Gen Sing Masc
GSM	Gen Sing Masc
GSM	Gen Sing Masc
GSM	Gen Sing Masc
GSM	Gen Sing Masc
GSM	Gen Sing Masc
GSM	Gen Sing Masc
GSM	Gen Sing Masc
GSM	Gen Sing Masc
GSMC	Gen Sing Masc Compar
GSMC	Gen Sing Masc Compar
GSMC	Gen Sing Masc Compar
GSMS	Gen Sing Masc Superlative
GSMS	Gen Sing Masc Superlative
GSMS	Gen Sing Masc Superlative
GSN	Gen Sing Neut
GSN	Gen Sing Neut
GSN	Gen Sing Neut
GSN	Gen Sing Neut
GSN	Gen Sing Neut
GSN	Gen Sing Neut
GSN	Gen Sing Neut
GSN	Gen Sing Neut
GSN	Gen Sing Neut
GSN	Gen Sing Neut
GSN	Gen Sing Neut
GSN	Gen Sing Neut
GSN	Gen Sing Neut
GSN	Gen Sing Neut
GSN	Gen Sing Neut
GSN	Gen Sing Neut
GSN	Gen Sing Neut
GSN	Gen Sing Neut
GSN	Gen Sing Neut
GSN	Gen Sing Neut
GSN	Gen Sing Neut
GSN	Gen Sing Neut
GSN	Gen Sing Neut
GSN	Gen Sing Neut
GSNC	Gen Sing Neut Compar
GSNS	Gen Sing Neut Superlative
GSNS	Gen Sing Neut Superlative
IAI1P	Imperf Act Ind 1st Plur
IAI1P	Imperf Act Ind 1st Plur
IAI1P	Imperf Act Ind 1st Plur
IAI1P	Imperf Act Ind 1st Plur
IAI1P	Imperf Act Ind 1st Plur
IAI1S	Imperf Act Ind 1st Sing
IAI1S	Imperf Act Ind 1st Sing
IAI1S	Imperf Act Ind 1st Sing
IAI1S	Imperf Act Ind 1st Sing
IAI1S	Imperf Act Ind 1st Sing
IAI1S	Imperf Act Ind 1st Sing
IAI1S	Imperf Act Ind 1st Sing
IAI1S	Imperf Act Ind 1st Sing
IAI1S	Imperf Act Ind 1st Sing
IAI1S	Imperf Act Ind 1st Sing
IAI1S	Imperf Act Ind 1st Sing
IAI2P	Imperf Act Ind 2nd Plur
IAI2P	Imperf Act Ind 2nd Plur
IAI2P	Imperf Act Ind 2nd Plur
IAI2P	Imperf Act Ind 2nd Plur
IAI2P	Imperf Act Ind 2nd Plur
IAI2P	Imperf Act Ind 2nd Plur
IAI2S	Imperf Act Ind 2nd Sing
IAI2S	Imperf Act Ind 2nd Sing
IAI2S	Imperf Act Ind 2nd Sing
IAI2S	Imperf Act Ind 2nd Sing
IAI2S	Imperf Act Ind 2nd Sing
IAI2S	Imperf Act Ind 2nd Sing
IAI2S	Imperf Act Ind 2nd Sing
IAI2S	Imperf Act Ind 2nd Sing
IAI2S	Imperf Act Ind 2nd Sing
IAI3P	Imperf Act Ind 3rd Plur
IAI3P	Imperf Act Ind 3rd Plur
IAI3P	Imperf Act Ind 3rd Plur
IAI3P	Imperf Act Ind 3rd Plur
IAI3P	Imperf Act Ind 3rd Plur
IAI3P	Imperf Act Ind 3rd Plur
IAI3P	Imperf Act Ind 3rd Plur
IAI3P	Imperf Act Ind 3rd Plur
IAI3P	Imperf Act Ind 3rd Plur
IAI3P	Imperf Act Ind 3rd Plur
IAI3P	Imperf Act Ind 3rd Plur
IAI3P	Imperf Act Ind 3rd Plur
IAI3P	Imperf Act Ind 3rd Plur
IAI3P	Imperf Act Ind 3rd Plur
IAI3P	Imperf Act Ind 3rd Plur
IAI3P	Imperf Act Ind 3rd Plur
IAI3P	Imperf Act Ind 3rd Plur
IAI3S	Imperf Act Ind 3rd Sing
IAI3S	Imperf Act Ind 3rd Sing
IAI3S	Imperf Act Ind 3rd Sing
IAI3S	Imperf Act Ind 3rd Sing
IAI3S	Imperf Act Ind 3rd Sing
IAI3S	Imperf Act Ind 3rd Sing
IAI3S	Imperf Act Ind 3rd Sing
IAI3S	Imperf Act Ind 3rd Sing
IAI3S	Imperf Act Ind 3rd Sing
IAI3S	Imperf Act Ind 3rd Sing
IAI3S	Imperf Act Ind 3rd Sing
IAI3S	Imperf Act Ind 3rd Sing
IAI3S	Imperf Act Ind 3rd Sing
IAI3S	Imperf Act Ind 3rd Sing
IAI3S	Imperf Act Ind 3rd Sing
IAI3S	Imperf Act Ind 3rd Sing
IAS2P	Imperf Act Subj 2nd Plur
IAS2S	Imperf Act Subj 2nd Sing
IMI1P	Imperf Mid Ind 1st Plur
IMI1P	Imperf Mid Ind 1st Plur
IMI1P	Imperf Mid Ind 1st Plur
IMI1P	Imperf Mid Ind 1st Plur
IMI1S	Imperf Mid Ind 1st Sing
IMI1S	Imperf Mid Ind 1st Sing
IMI1S	Imperf Mid Ind 1st Sing
IMI1S	Imperf Mid Ind 1st Sing
IMI1S	Imperf Mid Ind 1st Sing
IMI1S	Imperf Mid Ind 1st Sing
IMI1S	Imperf Mid Ind 1st Sing
IMI1S	Imperf Mid Ind 1st Sing
IMI1S	Imperf Mid Ind 1st Sing
IMI1S	Imperf Mid Ind 1st Sing
IMI1S	Imperf Mid Ind 1st Sing
IMI1S	Imperf Mid Ind 1st Sing
IMI1S	Imperf Mid Ind 1st Sing
IMI1S	Imperf Mid Ind 1st Sing
IMI1S	Imperf Mid Ind 1st Sing
IMI2P	Imperf Mid Ind 2nd Plur
IMI2P	Imperf Mid Ind 2nd Plur
IMI2P	Imperf Mid Ind 2nd Plur
IMI2S	Imperf Mid Ind 2nd Sing
IMI2S	Imperf Mid Ind 2nd Sing
IMI2S	Imperf Mid Ind 2nd Sing
IMI2S	Imperf Mid Ind 2nd Sing
IMI2S	Imperf Mid Ind 2nd Sing
IMI2S	Imperf Mid Ind 2nd Sing
IMI2S	Imperf Mid Ind 2nd Sing
IMI2S	Imperf Mid Ind 2nd Sing
IMI2S	Imperf Mid Ind 2nd Sing
IMI3P	Imperf Mid Ind 3rd Plur
IMI3P	Imperf Mid Ind 3rd Plur
IMI3P	Imperf Mid Ind 3rd Plur
IMI3P	Imperf Mid Ind 3rd Plur
IMI3P	Imperf Mid Ind 3rd Plur
IMI3P	Imperf Mid Ind 3rd Plur
IMI3P	Imperf Mid Ind 3rd Plur
IMI3P	Imperf Mid Ind 3rd Plur
IMI3P	Imperf Mid Ind 3rd Plur
IMI3P	Imperf Mid Ind 3rd Plur
IMI3P	Imperf Mid Ind 3rd Plur
IMI3P	Imperf Mid Ind 3rd Plur
IMI3P	Imperf Mid Ind 3rd Plur
IMI3S	Imperf Mid Ind 3rd Sing
IMI3S	Imperf Mid Ind 3rd Sing
IMI3S	Imperf Mid Ind 3rd Sing
IMI3S	Imperf Mid Ind 3rd Sing
IMI3S	Imperf Mid Ind 3rd Sing
IMI3S	Imperf Mid Ind 3rd Sing
IMI3S	Imperf Mid Ind 3rd Sing
IMI3S	Imperf Mid Ind 3rd Sing
IMI3S	Imperf Mid Ind 3rd Sing
IMI3S	Imperf Mid Ind 3rd Sing
IMI3S	Imperf Mid Ind 3rd Sing
IMI3S	Imperf Mid Ind 3rd Sing
IMI3S	Imperf Mid Ind 3rd Sing
IMI3S	Imperf Mid Ind 3rd Sing
IPI1P	Imperf Pass Ind 1st Plur
IPI1S	Imperf Pass Ind 1st Sing
IPI2P	Imperf Pass Ind 2nd Plur
IPI3P	Imperf Pass Ind 3rd Plur
IPI3P	Imperf Pass Ind 3rd Plur
IPI3P	Imperf Pass Ind 3rd Plur
IPI3P	Imperf Pass Ind 3rd Plur
IPI3P	Imperf Pass Ind 3rd Plur
IPI3P	Imperf Pass Ind 3rd Plur
IPI3S	Imperf Pass Ind 3rd Sing
IPI3S	Imperf Pass Ind 3rd Sing
IPI3S	Imperf Pass Ind 3rd Sing
IPI3S	Imperf Pass Ind 3rd Sing
IPI3S	Imperf Pass Ind 3rd Sing
IPI3S	Imperf Pass Ind 3rd Sing
IPI3S	Imperf Pass Ind 3rd Sing
N	Nom
N	Nom
NDF	Nom Dual Fem
NDM	Nom Dual Masc
NDN	Nom Dual Neut
NM	Nom Masc
NP	Nom Plur
NP	Nom Plur
NP	Nom Plur
NPF	Nom Plur Fem
NPF	Nom Plur Fem
NPF	Nom Plur Fem
NPF	Nom Plur Fem
NPF	Nom Plur Fem
NPF	Nom Plur Fem
NPF	Nom Plur Fem
NPF	Nom Plur Fem
NPF	Nom Plur Fem
NPF	Nom Plur Fem
NPF	Nom Plur Fem
NPF	Nom Plur Fem
NPF	Nom Plur Fem
NPF	Nom Plur Fem
NPF	Nom Plur Fem
NPF	Nom Plur Fem
NPF	Nom Plur Fem
NPF	Nom Plur Fem
NPF	Nom Plur Fem
NPF	Nom Plur Fem
NPF	Nom Plur Fem
NPF	Nom Plur Fem
NPF	Nom Plur Fem
NPF	Nom Plur Fem
NPF	Nom Plur Fem
NPF	Nom Plur Fem
NPF	Nom Plur Fem
NPF	Nom Plur Fem
NPF	Nom Plur Fem
NPF	Nom Plur Fem
NPF	Nom Plur Fem
NPF	Nom Plur Fem
NPFC	Nom Plur Fem Compar
NPFC	Nom Plur Fem Compar
NPFC	Nom Plur Fem Compar
NPFC	Nom Plur Fem Compar
NPFS	Nom Plur Fem Superlative
NPFS	Nom Plur Fem Superlative
NPM	Nom Plur Masc
NPM	Nom Plur Masc
NPM	Nom Plur Masc
NPM	Nom Plur Masc
NPM	Nom Plur Masc
NPM	Nom Plur Masc
NPM	Nom Plur Masc
NPM	Nom Plur Masc
NPM	Nom Plur Masc
NPM	Nom Plur Masc
NPM	Nom Plur Masc
NPM	Nom Plur Masc
NPM	Nom Plur Masc
NPM	Nom Plur Masc
NPM	Nom Plur Masc
NPM	Nom Plur Masc
NPM	Nom Plur Masc
NPM	Nom Plur Masc
NPM	Nom Plur Masc
NPM	Nom Plur Masc
NPM	Nom Plur Masc
NPM	Nom Plur Masc
NPM	Nom Plur Masc
NPM	Nom Plur Masc
NPM	Nom Plur Masc
NPM	Nom Plur Masc
NPM	Nom Plur Masc
NPM	Nom Plur Masc
NPM	Nom Plur Masc
NPM	Nom Plur Masc
NPM	Nom Plur Masc
NPM	Nom Plur Masc
NPM	Nom Plur Masc
NPM	Nom Plur Masc
NPM	Nom Plur Masc
NPM	Nom Plur Masc
NPM	Nom Plur Masc
NPM	Nom Plur Masc
NPM	Nom Plur Masc
NPM	Nom Plur Masc
NPM	Nom Plur Masc
NPM	Nom Plur Masc
NPMC	Nom Plur Masc Compar
NPMC	Nom Plur Masc Compar
NPMC	Nom Plur Masc Compar
NPMC	Nom Plur Masc Compar
NPMC	Nom Plur Masc Compar
NPMS	Nom Plur Masc Superlative
NPMS	Nom Plur Masc Superlative
NPMS	Nom Plur Masc Superlative
NPMS	Nom Plur Masc Superlative
NPN	Nom Plur Neut
NPN	Nom Plur Neut
NPN	Nom Plur Neut
NPN	Nom Plur Neut
NPN	Nom Plur Neut
NPN	Nom Plur Neut
NPN	Nom Plur Neut
NPN	Nom Plur Neut
NPN	Nom Plur Neut
NPN	Nom Plur Neut
NPN	Nom Plur Neut
NPN	Nom Plur Neut
NPN	Nom Plur Neut
NPN	Nom Plur Neut
NPN	Nom Plur Neut
NPN	Nom Plur Neut
NPN	Nom Plur Neut
NPN	Nom Plur Neut
NPN	Nom Plur Neut
NPN	Nom Plur Neut
NPN	Nom Plur Neut
NPN	Nom Plur Neut
NPN	Nom Plur Neut
NPN	Nom Plur Neut
NPN	Nom Plur Neut
NPN	Nom Plur Neut
NPN	Nom Plur Neut
NPN	Nom Plur Neut
NPNC	Nom Plur Neut Compar
NPNC	Nom Plur Neut Compar
NPNC	Nom Plur Neut Compar
NPNC	Nom Plur Neut Compar
NPNS	Nom Plur Neut Superlative
NS	Nom Sing
NS	Nom Sing
NS	Nom Sing
NS	Nom Sing
NS	Nom Sing
NS	Nom Sing
NS	Nom Sing
NS	Nom Sing
NSF	Nom Sing Fem
NSF	Nom Sing Fem
NSF	Nom Sing Fem
NSF	Nom Sing Fem
NSF	Nom Sing Fem
NSF	Nom Sing Fem
NSF	Nom Sing Fem
NSF	Nom Sing Fem
NSF	Nom Sing Fem
NSF	Nom Sing Fem
NSF	Nom Sing Fem
NSF	Nom Sing Fem
NSF	Nom Sing Fem
NSF	Nom Sing Fem
NSF	Nom Sing Fem
NSF	Nom Sing Fem
NSF	Nom Sing Fem
NSF	Nom Sing Fem
NSF	Nom Sing Fem
NSF	Nom Sing Fem
NSF	Nom Sing Fem
NSF	Nom Sing Fem
NSF	Nom Sing Fem
NSF	Nom Sing Fem
NSF	Nom Sing Fem
NSF	Nom Sing Fem
NSF	Nom Sing Fem
NSF	Nom Sing Fem
NSF	Nom Sing Fem
NSF	Nom Sing Fem
NSF	Nom Sing Fem
NSF	Nom Sing Fem
NSF	Nom Sing Fem
NSF	Nom Sing Fem
NSF	Nom Sing Fem
NSF	Nom Sing Fem
NSF	Nom Sing Fem
NSFC	Nom Sing Fem Compar
NSFC	Nom Sing Fem Compar
NSFC	Nom Sing Fem Compar
NSFC	Nom Sing Fem Compar
NSFC	Nom Sing Fem Compar
NSFC	Nom Sing Fem Compar
NSFS	Nom Sing Fem Superlative
NSFS	Nom Sing Fem Superlative
NSFS	Nom Sing Fem Superlative
NSFS	Nom Sing Fem Superlative
NSFS	Nom Sing Fem Superlative
NSM	Nom Sing Masc
NSM	Nom Sing Masc
NSM	Nom Sing Masc
NSM	Nom Sing Masc
NSM	Nom Sing Masc
NSM	Nom Sing Masc
NSM	Nom Sing Masc
NSM	Nom Sing Masc
NSM	Nom Sing Masc
NSM	Nom Sing Masc
NSM	Nom Sing Masc
NSM	Nom Sing Masc
NSM	Nom Sing Masc
NSM	Nom Sing Masc
NSM	Nom Sing Masc
NSM	Nom Sing Masc
NSM	Nom Sing Masc
NSM	Nom Sing Masc
NSM	Nom Sing Masc
NSM	Nom Sing Masc
NSM	Nom Sing Masc
NSM	Nom Sing Masc
NSM	Nom Sing Masc
NSM	Nom Sing Masc
NSM	Nom Sing Masc
NSM	Nom Sing Masc
NSM	Nom Sing Masc
NSM	Nom Sing Masc
NSM	Nom Sing Masc
NSM	Nom Sing Masc
NSM	Nom Sing Masc
NSM	Nom Sing Masc
NSM	Nom Sing Masc
NSM	Nom Sing Masc
NSM	Nom Sing Masc
NSM	Nom Sing Masc
NSM	Nom Sing Masc
NSM	Nom Sing Masc
NSM	Nom Sing Masc
NSM	Nom Sing Masc
NSM	Nom Sing Masc
NSM	Nom Sing Masc
NSM	Nom Sing Masc
NSM	Nom Sing Masc
NSM	Nom Sing Masc
NSM	Nom Sing Masc
NSM	Nom Sing Masc
NSM	Nom Sing Masc
NSM	Nom Sing Masc
NSM	Nom Sing Masc
NSMC	Nom Sing Masc Compar
NSMC	Nom Sing Masc Compar
NSMC	Nom Sing Masc Compar
NSMC	Nom Sing Masc Compar
NSMC	Nom Sing Masc Compar
NSMC	Nom Sing Masc Compar
NSMC	Nom Sing Masc Compar
NSMS	Nom Sing Masc Superlative
NSMS	Nom Sing Masc Superlative
NSMS	Nom Sing Masc Superlative
NSMS	Nom Sing Masc Superlative
NSMS	Nom Sing Masc Superlative
NSN	Nom Sing Neut
NSN	Nom Sing Neut
NSN	Nom Sing Neut
NSN	Nom Sing Neut
NSN	Nom Sing Neut
NSN	Nom Sing Neut
NSN	Nom Sing Neut
NSN	Nom Sing Neut
NSN	Nom Sing Neut
NSN	Nom Sing Neut
NSN	Nom Sing Neut
NSN	Nom Sing Neut
NSN	Nom Sing Neut
NSN	Nom Sing Neut
NSN	Nom Sing Neut
NSN	Nom Sing Neut
NSN	Nom Sing Neut
NSN	Nom Sing Neut
NSN	Nom Sing Neut
NSN	Nom Sing Neut
NSN	Nom Sing Neut
NSN	Nom Sing Neut
NSN	Nom Sing Neut
NSN	Nom Sing Neut
NSN	Nom Sing Neut
NSN	Nom Sing Neut
NSN	Nom Sing Neut
NSN	Nom Sing Neut
NSN	Nom Sing Neut
NSN	Nom Sing Neut
NSN	Nom Sing Neut
NSN	Nom Sing Neut
NSN	Nom Sing Neut
NSN	Nom Sing Neut
NSN	Nom Sing Neut
NSNC	Nom Sing Neut Compar
NSNC	Nom Sing Neut Compar
NSNC	Nom Sing Neut Compar
NSNC	Nom Sing Neut Compar
NSNC	Nom Sing Neut Compar
NSNC	Nom Sing Neut Compar
NSNS	Nom Sing Neut Superlative
NSNS	Nom Sing Neut Superlative
P	Pres
PAD2P	Pres Act Imperative 2nd Plur
PAD2P	Pres Act Imperative 2nd Plur
PAD2P	Pres Act Imperative 2nd Plur
PAD2P	Pres Act Imperative 2nd Plur
PAD2P	Pres Act Imperative 2nd Plur
PAD2P	Pres Act Imperative 2nd Plur
PAD2P	Pres Act Imperative 2nd Plur
PAD2S	Pres Act Imperative 2nd Sing
PAD2S	Pres Act Imperative 2nd Sing
PAD2S	Pres Act Imperative 2nd Sing
PAD2S	Pres Act Imperative 2nd Sing
PAD2S	Pres Act Imperative 2nd Sing
PAD2S	Pres Act Imperative 2nd Sing
PAD2S	Pres Act Imperative 2nd Sing
PAD2S	Pres Act Imperative 2nd Sing
PAD3P	Pres Act Imperative 3rd Plur
PAD3P	Pres Act Imperative 3rd Plur
PAD3P	Pres Act Imperative 3rd Plur
PAD3P	Pres Act Imperative 3rd Plur
PAD3P	Pres Act Imperative 3rd Plur
PAD3S	Pres Act Imperative 3rd Sing
PAD3S	Pres Act Imperative 3rd Sing
PAD3S	Pres Act Imperative 3rd Sing
PAD3S	Pres Act Imperative 3rd Sing
PAD3S	Pres Act Imperative 3rd Sing
PAD3S	Pres Act Imperative 3rd Sing
PAD3S	Pres Act Imperative 3rd Sing
PAD3S	Pres Act Imperative 3rd Sing
PAD3S	Pres Act Imperative 3rd Sing
PAI	Pres Act Ind
PAI1P	Pres Act Ind 1st Plur
PAI1P	Pres Act Ind 1st Plur
PAI1P	Pres Act Ind 1st Plur
PAI1P	Pres Act Ind 1st Plur
PAI1P	Pres Act Ind 1st Plur
PAI1P	Pres Act Ind 1st Plur
PAI1P	Pres Act Ind 1st Plur
PAI1P	Pres Act Ind 1st Plur
PAI1P	Pres Act Ind 1st Plur
PAI1S	Pres Act Ind 1st Sing
PAI1S	Pres Act Ind 1st Sing
PAI1S	Pres Act Ind 1st Sing
PAI1S	Pres Act Ind 1st Sing
PAI1S	Pres Act Ind 1st Sing
PAI1S	Pres Act Ind 1st Sing
PAI1S	Pres Act Ind 1st Sing
PAI1S	Pres Act Ind 1st Sing
PAI1S	Pres Act Ind 1st Sing
PAI1S	Pres Act Ind 1st Sing
PAI1S	Pres Act Ind 1st Sing
PAI1S	Pres Act Ind 1st Sing
PAI2P	Pres Act Ind 2nd Plur
PAI2P	Pres Act Ind 2nd Plur
PAI2P	Pres Act Ind 2nd Plur
PAI2P	Pres Act Ind 2nd Plur
PAI2P	Pres Act Ind 2nd Plur
PAI2P	Pres Act Ind 2nd Plur
PAI2P	Pres Act Ind 2nd Plur
PAI2P	Pres Act Ind 2nd Plur
PAI2P	Pres Act Ind 2nd Plur
PAI2P	Pres Act Ind 2nd Plur
PAI2S	Pres Act Ind 2nd Sing
PAI2S	Pres Act Ind 2nd Sing
PAI2S	Pres Act Ind 2nd Sing
PAI2S	Pres Act Ind 2nd Sing
PAI2S	Pres Act Ind 2nd Sing
PAI2S	Pres Act Ind 2nd Sing
PAI2S	Pres Act Ind 2nd Sing
PAI2S	Pres Act Ind 2nd Sing
PAI2S	Pres Act Ind 2nd Sing
PAI2S	Pres Act Ind 2nd Sing
PAI3P	Pres Act Ind 3rd Plur
PAI3P	Pres Act Ind 3rd Plur
PAI3P	Pres Act Ind 3rd Plur
PAI3P	Pres Act Ind 3rd Plur
PAI3P	Pres Act Ind 3rd Plur
PAI3P	Pres Act Ind 3rd Plur
PAI3P	Pres Act Ind 3rd Plur
PAI3P	Pres Act Ind 3rd Plur
PAI3P	Pres Act Ind 3rd Plur
PAI3P	Pres Act Ind 3rd Plur
PAI3P	Pres Act Ind 3rd Plur
PAI3S	Pres Act Ind 3rd Sing
PAI3S	Pres Act Ind 3rd Sing
PAI3S	Pres Act Ind 3rd Sing
PAI3S	Pres Act Ind 3rd Sing
PAI3S	Pres Act Ind 3rd Sing
PAI3S	Pres Act Ind 3rd Sing
PAI3S	Pres Act Ind 3rd Sing
PAI3S	Pres Act Ind 3rd Sing
PAI3S	Pres Act Ind 3rd Sing
PAI3S	Pres Act Ind 3rd Sing
PAI3S	Pres Act Ind 3rd Sing
PAI3S	Pres Act Ind 3rd Sing
PAI3S	Pres Act Ind 3rd Sing
PAI3S	Pres Act Ind 3rd Sing
PAN	Pres Act Infin
PAN	Pres Act Infin
PAN	Pres Act Infin
PAN	Pres Act Infin
PAN	Pres Act Infin
PAN	Pres Act Infin
PAN	Pres Act Infin
PAN	Pres Act Infin
PAN	Pres Act Infin
PAN	Pres Act Infin
PAO1S	Pres Act Opt 1st Sing
PAO2P	Pres Act Opt 2nd Plur
PAO2P	Pres Act Opt 2nd Plur
PAO3P	Pres Act Opt 3rd Plur
PAO3P	Pres Act Opt 3rd Plur
PAO3P	Pres Act Opt 3rd Plur
PAO3S	Pres Act Opt 3rd Sing
PAO3S	Pres Act Opt 3rd Sing
PAO3S	Pres Act Opt 3rd Sing
PAO3S	Pres Act Opt 3rd Sing
PAO3S	Pres Act Opt 3rd Sing
PAPAPF	Pres Act Part Acc Plur Fem
PAPAPF	Pres Act Part Acc Plur Fem
PAPAPF	Pres Act Part Acc Plur Fem
PAPAPF	Pres Act Part Acc Plur Fem
PAPAPF	Pres Act Part Acc Plur Fem
PAPAPF	Pres Act Part Acc Plur Fem
PAPAPM	Pres Act Part Acc Plur Masc
PAPAPM	Pres Act Part Acc Plur Masc
PAPAPM	Pres Act Part Acc Plur Masc
PAPAPM	Pres Act Part Acc Plur Masc
PAPAPM	Pres Act Part Acc Plur Masc
PAPAPM	Pres Act Part Acc Plur Masc
PAPAPM	Pres Act Part Acc Plur Masc
PAPAPM	Pres Act Part Acc Plur Masc
PAPAPM	Pres Act Part Acc Plur Masc
PAPAPM	Pres Act Part Acc Plur Masc
PAPAPN	Pres Act Part Acc Plur Neut
PAPAPN	Pres Act Part Acc Plur Neut
PAPAPN	Pres Act Part Acc Plur Neut
PAPAPN	Pres Act Part Acc Plur Neut
PAPAPN	Pres Act Part Acc Plur Neut
PAPAPN	Pres Act Part Acc Plur Neut
PAPAPN	Pres Act Part Acc Plur Neut
PAPASF	Pres Act Part Acc Sing Fem
PAPASF	Pres Act Part Acc Sing Fem
PAPASF	Pres Act Part Acc Sing Fem
PAPASF	Pres Act Part Acc Sing Fem
PAPASF	Pres Act Part Acc Sing Fem
PAPASF	Pres Act Part Acc Sing Fem
PAPASF	Pres Act Part Acc Sing Fem
PAPASM	Pres Act Part Acc Sing Masc
PAPASM	Pres Act Part Acc Sing Masc
PAPASM	Pres Act Part Acc Sing Masc
PAPASM	Pres Act Part Acc Sing Masc
PAPASM	Pres Act Part Acc Sing Masc
PAPASM	Pres Act Part Acc Sing Masc
PAPASM	Pres Act Part Acc Sing Masc
PAPASM	Pres Act Part Acc Sing Masc
PAPASM	Pres Act Part Acc Sing Masc
PAPASN	Pres Act Part Acc Sing Neut
PAPASN	Pres Act Part Acc Sing Neut
PAPASN	Pres Act Part Acc Sing Neut
PAPASN	Pres Act Part Acc Sing Neut
PAPASN	Pres Act Part Acc Sing Neut
PAPASN	Pres Act Part Acc Sing Neut
PAPASN	Pres Act Part Acc Sing Neut
PAPDPF	Pres Act Part Dat Plur Fem
PAPDPF	Pres Act Part Dat Plur Fem
PAPDPF	Pres Act Part Dat Plur Fem
PAPDPF	Pres Act Part Dat Plur Fem
PAPDPM	Pres Act Part Dat Plur Masc
PAPDPM	Pres Act Part Dat Plur Masc
PAPDPM	Pres Act Part Dat Plur Masc
PAPDPM	Pres Act Part Dat Plur Masc
PAPDPM	Pres Act Part Dat Plur Masc
PAPDPM	Pres Act Part Dat Plur Masc
PAPDPM	Pres Act Part Dat Plur Masc
PAPDPN	Pres Act Part Dat Plur Neut
PAPDPN	Pres Act Part Dat Plur Neut
PAPDPN	Pres Act Part Dat Plur Neut
PAPDPN	Pres Act Part Dat Plur Neut
PAPDSF	Pres Act Part Dat Sing Fem
PAPDSF	Pres Act Part Dat Sing Fem
PAPDSF	Pres Act Part Dat Sing Fem
PAPDSF	Pres Act Part Dat Sing Fem
PAPDSF	Pres Act Part Dat Sing Fem
PAPDSM	Pres Act Part Dat Sing Masc
PAPDSM	Pres Act Part Dat Sing Masc
PAPDSM	Pres Act Part Dat Sing Masc
PAPDSM	Pres Act Part Dat Sing Masc
PAPDSM	Pres Act Part Dat Sing Masc
PAPDSM	Pres Act Part Dat Sing Masc
PAPDSM	Pres Act Part Dat Sing Masc
PAPDSN	Pres Act Part Dat Sing Neut
PAPDSN	Pres Act Part Dat Sing Neut
PAPDSN	Pres Act Part Dat Sing Neut
PAPDSN	Pres Act Part Dat Sing Neut
PAPDSN	Pres Act Part Dat Sing Neut
PAPGPF	Pres Act Part Gen Plur Fem
PAPGPF	Pres Act Part Gen Plur Fem
PAPGPF	Pres Act Part Gen Plur Fem
PAPGPF	Pres Act Part Gen Plur Fem
PAPGPF	Pres Act Part Gen Plur Fem
PAPGPM	Pres Act Part Gen Plur Masc
PAPGPM	Pres Act Part Gen Plur Masc
PAPGPM	Pres Act Part Gen Plur Masc
PAPGPM	Pres Act Part Gen Plur Masc
PAPGPM	Pres Act Part Gen Plur Masc
PAPGPM	Pres Act Part Gen Plur Masc
PAPGPM	Pres Act Part Gen Plur Masc
PAPGPM	Pres Act Part Gen Plur Masc
PAPGPM	Pres Act Part Gen Plur Masc
PAPGPN	Pres Act Part Gen Plur Neut
PAPGPN	Pres Act Part Gen Plur Neut
PAPGPN	Pres Act Part Gen Plur Neut
PAPGPN	Pres Act Part Gen Plur Neut
PAPGPN	Pres Act Part Gen Plur Neut
PAPGSF	Pres Act Part Gen Sing Fem
PAPGSF	Pres Act Part Gen Sing Fem
PAPGSF	Pres Act Part Gen Sing Fem
PAPGSF	Pres Act Part Gen Sing Fem
PAPGSF	Pres Act Part Gen Sing Fem
PAPGSF	Pres Act Part Gen Sing Fem
PAPGSF	Pres Act Part Gen Sing Fem
PAPGSF	Pres Act Part Gen Sing Fem
PAPGSM	Pres Act Part Gen Sing Masc
PAPGSM	Pres Act Part Gen Sing Masc
PAPGSM	Pres Act Part Gen Sing Masc
PAPGSM	Pres Act Part Gen Sing Masc
PAPGSM	Pres Act Part Gen Sing Masc
PAPGSM	Pres Act Part Gen Sing Masc
PAPGSM	Pres Act Part Gen Sing Masc
PAPGSM	Pres Act Part Gen Sing Masc
PAPGSM	Pres Act Part Gen Sing Masc
PAPGSM	Pres Act Part Gen Sing Masc
PAPGSN	Pres Act Part Gen Sing Neut
PAPGSN	Pres Act Part Gen Sing Neut
PAPGSN	Pres Act Part Gen Sing Neut
PAPGSN	Pres Act Part Gen Sing Neut
PAPGSN	Pres Act Part Gen Sing Neut
PAPNPF	Pres Act Part Nom Plur Fem
PAPNPF	Pres Act Part Nom Plur Fem
PAPNPF	Pres Act Part Nom Plur Fem
PAPNPF	Pres Act Part Nom Plur Fem
PAPNPF	Pres Act Part Nom Plur Fem
PAPNPF	Pres Act Part Nom Plur Fem
PAPNPF	Pres Act Part Nom Plur Fem
PAPNPM	Pres Act Part Nom Plur Masc
PAPNPM	Pres Act Part Nom Plur Masc
PAPNPM	Pres Act Part Nom Plur Masc
PAPNPM	Pres Act Part Nom Plur Masc
PAPNPM	Pres Act Part Nom Plur Masc
PAPNPM	Pres Act Part Nom Plur Masc
PAPNPM	Pres Act Part Nom Plur Masc
PAPNPM	Pres Act Part Nom Plur Masc
PAPNPM	Pres Act Part Nom Plur Masc
PAPNPM	Pres Act Part Nom Plur Masc
PAPNPM	Pres Act Part Nom Plur Masc
PAPNPM	Pres Act Part Nom Plur Masc
PAPNPN	Pres Act Part Nom Plur Neut
PAPNPN	Pres Act Part Nom Plur Neut
PAPNPN	Pres Act Part Nom Plur Neut
PAPNPN	Pres Act Part Nom Plur Neut
PAPNPN	Pres Act Part Nom Plur Neut
PAPNPN	Pres Act Part Nom Plur Neut
PAPNSF	Pres Act Part Nom Sing Fem
PAPNSF	Pres Act Part Nom Sing Fem
PAPNSF	Pres Act Part Nom Sing Fem
PAPNSF	Pres Act Part Nom Sing Fem
PAPNSF	Pres Act Part Nom Sing Fem
PAPNSF	Pres Act Part Nom Sing Fem
PAPNSM	Pres Act Part Nom Sing Masc
PAPNSM	Pres Act Part Nom Sing Masc
PAPNSM	Pres Act Part Nom Sing Masc
PAPNSM	Pres Act Part Nom Sing Masc
PAPNSM	Pres Act Part Nom Sing Masc
PAPNSM	Pres Act Part Nom Sing Masc
PAPNSM	Pres Act Part Nom Sing Masc
PAPNSM	Pres Act Part Nom Sing Masc
PAPNSM	Pres Act Part Nom Sing Masc
PAPNSM	Pres Act Part Nom Sing Masc
PAPNSM	Pres Act Part Nom Sing Masc
PAPNSM	Pres Act Part Nom Sing Masc
PAPNSN	Pres Act Part Nom Sing Neut
PAPNSN	Pres Act Part Nom Sing Neut
PAPNSN	Pres Act Part Nom Sing Neut
PAPNSN	Pres Act Part Nom Sing Neut
PAPNSN	Pres Act Part Nom Sing Neut
PAPNSN	Pres Act Part Nom Sing Neut
PAPNSN	Pres Act Part Nom Sing Neut
PAPVPM	Pres Act Part Voc Plur Masc
PAPVPM	Pres Act Part Voc Plur Masc
PAPVPM	Pres Act Part Voc Plur Masc
PAPVPM	Pres Act Part Voc Plur Masc
PAPVSF	Pres Act Part Voc Sing Fem
PAPVSM	Pres Act Part Voc Sing Masc
PAPVSM	Pres Act Part Voc Sing Masc
PAS1P	Pres Act Subj 1st Plur
PAS1P	Pres Act Subj 1st Plur
PAS1P	Pres Act Subj 1st Plur
PAS1P	Pres Act Subj 1st Plur
PAS1P	Pres Act Subj 1st Plur
PAS1S	Pres Act Subj 1st Sing
PAS1S	Pres Act Subj 1st Sing
PAS1S	Pres Act Subj 1st Sing
PAS1S	Pres Act Subj 1st Sing
PAS1S	Pres Act Subj 1st Sing
PAS1S	Pres Act Subj 1st Sing
PAS1S	Pres Act Subj 1st Sing
PAS2P	Pres Act Subj 2nd Plur
PAS2P	Pres Act Subj 2nd Plur
PAS2P	Pres Act Subj 2nd Plur
PAS2P	Pres Act Subj 2nd Plur
PAS2S	Pres Act Subj 2nd Sing
PAS2S	Pres Act Subj 2nd Sing
PAS2S	Pres Act Subj 2nd Sing
PAS2S	Pres Act Subj 2nd Sing
PAS2S	Pres Act Subj 2nd Sing
PAS2S	Pres Act Subj 2nd Sing
PAS2S	Pres Act Subj 2nd Sing
PAS2S	Pres Act Subj 2nd Sing
PAS3P	Pres Act Subj 3rd Plur
PAS3P	Pres Act Subj 3rd Plur
PAS3P	Pres Act Subj 3rd Plur
PAS3P	Pres Act Subj 3rd Plur
PAS3P	Pres Act Subj 3rd Plur
PAS3P	Pres Act Subj 3rd Plur
PAS3P	Pres Act Subj 3rd Plur
PAS3P	Pres Act Subj 3rd Plur
PAS3P	Pres Act Subj 3rd Plur
PAS3S	Pres Act Subj 3rd Sing
PAS3S	Pres Act Subj 3rd Sing
PAS3S	Pres Act Subj 3rd Sing
PAS3S	Pres Act Subj 3rd Sing
PAS3S	Pres Act Subj 3rd Sing
PAS3S	Pres Act Subj 3rd Sing
PAS3S	Pres Act Subj 3rd Sing
PAS3S	Pres Act Subj 3rd Sing
PMD2P	Pres Mid Imperative 2nd Plur
PMD2P	Pres Mid Imperative 2nd Plur
PMD2P	Pres Mid Imperative 2nd Plur
PMD2P	Pres Mid Imperative 2nd Plur
PMD2P	Pres Mid Imperative 2nd Plur
PMD2P	Pres Mid Imperative 2nd Plur
PMD2S	Pres Mid Imperative 2nd Sing
PMD2S	Pres Mid Imperative 2nd Sing
PMD2S	Pres Mid Imperative 2nd Sing
PMD2S	Pres Mid Imperative 2nd Sing
PMD2S	Pres Mid Imperative 2nd Sing
PMD2S	Pres Mid Imperative 2nd Sing
PMD2S	Pres Mid Imperative 2nd Sing
PMD3P	Pres Mid Imperative 3rd Plur
PMD3P	Pres Mid Imperative 3rd Plur
PMD3P	Pres Mid Imperative 3rd Plur
PMD3P	Pres Mid Imperative 3rd Plur
PMD3P	Pres Mid Imperative 3rd Plur
PMD3S	Pres Mid Imperative 3rd Sing
PMD3S	Pres Mid Imperative 3rd Sing
PMD3S	Pres Mid Imperative 3rd Sing
PMD3S	Pres Mid Imperative 3rd Sing
PMD3S	Pres Mid Imperative 3rd Sing
PMI1P	Pres Mid Ind 1st Plur
PMI1P	Pres Mid Ind 1st Plur
PMI1P	Pres Mid Ind 1st Plur
PMI1P	Pres Mid Ind 1st Plur
PMI1P	Pres Mid Ind 1st Plur
PMI1P	Pres Mid Ind 1st Plur
PMI1P	Pres Mid Ind 1st Plur
PMI1P	Pres Mid Ind 1st Plur
PMI1S	Pres Mid Ind 1st Sing
PMI1S	Pres Mid Ind 1st Sing
PMI1S	Pres Mid Ind 1st Sing
PMI1S	Pres Mid Ind 1st Sing
PMI1S	Pres Mid Ind 1st Sing
PMI1S	Pres Mid Ind 1st Sing
PMI1S	Pres Mid Ind 1st Sing
PMI1S	Pres Mid Ind 1st Sing
PMI2P	Pres Mid Ind 2nd Plur
PMI2P	Pres Mid Ind 2nd Plur
PMI2P	Pres Mid Ind 2nd Plur
PMI2P	Pres Mid Ind 2nd Plur
PMI2P	Pres Mid Ind 2nd Plur
PMI2P	Pres Mid Ind 2nd Plur
PMI2P	Pres Mid Ind 2nd Plur
PMI2P	Pres Mid Ind 2nd Plur
PMI2S	Pres Mid Ind 2nd Sing
PMI2S	Pres Mid Ind 2nd Sing
PMI2S	Pres Mid Ind 2nd Sing
PMI2S	Pres Mid Ind 2nd Sing
PMI2S	Pres Mid Ind 2nd Sing
PMI2S	Pres Mid Ind 2nd Sing
PMI2S	Pres Mid Ind 2nd Sing
PMI3P	Pres Mid Ind 3rd Plur
PMI3P	Pres Mid Ind 3rd Plur
PMI3P	Pres Mid Ind 3rd Plur
PMI3P	Pres Mid Ind 3rd Plur
PMI3P	Pres Mid Ind 3rd Plur
PMI3P	Pres Mid Ind 3rd Plur
PMI3P	Pres Mid Ind 3rd Plur
PMI3P	Pres Mid Ind 3rd Plur
PMI3P	Pres Mid Ind 3rd Plur
PMI3S	Pres Mid Ind 3rd Sing
PMI3S	Pres Mid Ind 3rd Sing
PMI3S	Pres Mid Ind 3rd Sing
PMI3S	Pres Mid Ind 3rd Sing
PMI3S	Pres Mid Ind 3rd Sing
PMI3S	Pres Mid Ind 3rd Sing
PMI3S	Pres Mid Ind 3rd Sing
PMI3S	Pres Mid Ind 3rd Sing
PMI3S	Pres Mid Ind 3rd Sing
PMI3S	Pres Mid Ind 3rd Sing
PMN	Pres Mid Infin
PMN	Pres Mid Infin
PMN	Pres Mid Infin
PMN	Pres Mid Infin
PMN	Pres Mid Infin
PMN	Pres Mid Infin
PMN	Pres Mid Infin
PMN	Pres Mid Infin
PMN	Pres Mid Infin
PMN	Pres Mid Infin
PMO1S	Pres Mid Opt 1st Sing
PMO2S	Pres Mid Opt 2nd Sing
PMO2S	Pres Mid Opt 2nd Sing
PMO3P	Pres Mid Opt 3rd Plur
PMO3S	Pres Mid Opt 3rd Sing
PMO3S	Pres Mid Opt 3rd Sing
PMP3P	Pres Mid Part 3rd Plur
PMPAPF	Pres Mid Part Acc Plur Fem
PMPAPF	Pres Mid Part Acc Plur Fem
PMPAPF	Pres Mid Part Acc Plur Fem
PMPAPF	Pres Mid Part Acc Plur Fem
PMPAPF	Pres Mid Part Acc Plur Fem
PMPAPM	Pres Mid Part Acc Plur Masc
PMPAPM	Pres Mid Part Acc Plur Masc
PMPAPM	Pres Mid Part Acc Plur Masc
PMPAPM	Pres Mid Part Acc Plur Masc
PMPAPM	Pres Mid Part Acc Plur Masc
PMPAPM	Pres Mid Part Acc Plur Masc
PMPAPM	Pres Mid Part Acc Plur Masc
PMPAPM	Pres Mid Part Acc Plur Masc
PMPAPN	Pres Mid Part Acc Plur Neut
PMPAPN	Pres Mid Part Acc Plur Neut
PMPAPN	Pres Mid Part Acc Plur Neut
PMPAPN	Pres Mid Part Acc Plur Neut
PMPAPN	Pres Mid Part Acc Plur Neut
PMPAPN	Pres Mid Part Acc Plur Neut
PMPAPN	Pres Mid Part Acc Plur Neut
PMPASF	Pres Mid Part Acc Sing Fem
PMPASF	Pres Mid Part Acc Sing Fem
PMPASF	Pres Mid Part Acc Sing Fem
PMPASF	Pres Mid Part Acc Sing Fem
PMPASF	Pres Mid Part Acc Sing Fem
PMPASF	Pres Mid Part Acc Sing Fem
PMPASM	Pres Mid Part Acc Sing Masc
PMPASM	Pres Mid Part Acc Sing Masc
PMPASM	Pres Mid Part Acc Sing Masc
PMPASM	Pres Mid Part Acc Sing Masc
PMPASM	Pres Mid Part Acc Sing Masc
PMPASM	Pres Mid Part Acc Sing Masc
PMPASM	Pres Mid Part Acc Sing Masc
PMPASM	Pres Mid Part Acc Sing Masc
PMPASM	Pres Mid Part Acc Sing Masc
PMPASM	Pres Mid Part Acc Sing Masc
PMPASN	Pres Mid Part Acc Sing Neut
PMPASN	Pres Mid Part Acc Sing Neut
PMPASN	Pres Mid Part Acc Sing Neut
PMPASN	Pres Mid Part Acc Sing Neut
PMPASN	Pres Mid Part Acc Sing Neut
PMPASN	Pres Mid Part Acc Sing Neut
PMPASN	Pres Mid Part Acc Sing Neut
PMPASN	Pres Mid Part Acc Sing Neut
PMPDPF	Pres Mid Part Dat Plur Fem
PMPDPF	Pres Mid Part Dat Plur Fem
PMPDPM	Pres Mid Part Dat Plur Masc
PMPDPM	Pres Mid Part Dat Plur Masc
PMPDPM	Pres Mid Part Dat Plur Masc
PMPDPM	Pres Mid Part Dat Plur Masc
PMPDPM	Pres Mid Part Dat Plur Masc
PMPDPM	Pres Mid Part Dat Plur Masc
PMPDPM	Pres Mid Part Dat Plur Masc
PMPDPM	Pres Mid Part Dat Plur Masc
PMPDPN	Pres Mid Part Dat Plur Neut
PMPDPN	Pres Mid Part Dat Plur Neut
PMPDPN	Pres Mid Part Dat Plur Neut
PMPDPN	Pres Mid Part Dat Plur Neut
PMPDSF	Pres Mid Part Dat Sing Fem
PMPDSF	Pres Mid Part Dat Sing Fem
PMPDSF	Pres Mid Part Dat Sing Fem
PMPDSM	Pres Mid Part Dat Sing Masc
PMPDSM	Pres Mid Part Dat Sing Masc
PMPDSM	Pres Mid Part Dat Sing Masc
PMPDSM	Pres Mid Part Dat Sing Masc
PMPDSM	Pres Mid Part Dat Sing Masc
PMPDSM	Pres Mid Part Dat Sing Masc
PMPDSM	Pres Mid Part Dat Sing Masc
PMPDSN	Pres Mid Part Dat Sing Neut
PMPDSN	Pres Mid Part Dat Sing Neut
PMPGPF	Pres Mid Part Gen Plur Fem
PMPGPF	Pres Mid Part Gen Plur Fem
PMPGPF	Pres Mid Part Gen Plur Fem
PMPGPF	Pres Mid Part Gen Plur Fem
PMPGPF	Pres Mid Part Gen Plur Fem
PMPGPF	Pres Mid Part Gen Plur Fem
PMPGPM	Pres Mid Part Gen Plur Masc
PMPGPM	Pres Mid Part Gen Plur Masc
PMPGPM	Pres Mid Part Gen Plur Masc
PMPGPM	Pres Mid Part Gen Plur Masc
PMPGPM	Pres Mid Part Gen Plur Masc
PMPGPM	Pres Mid Part Gen Plur Masc
PMPGPM	Pres Mid Part Gen Plur Masc
PMPGPM	Pres Mid Part Gen Plur Masc
PMPGPM	Pres Mid Part Gen Plur Masc
PMPGPN	Pres Mid Part Gen Plur Neut
PMPGPN	Pres Mid Part Gen Plur Neut
PMPGPN	Pres Mid Part Gen Plur Neut
PMPGPN	Pres Mid Part Gen Plur Neut
PMPGPN	Pres Mid Part Gen Plur Neut
PMPGPN	Pres Mid Part Gen Plur Neut
PMPGSF	Pres Mid Part Gen Sing Fem
PMPGSF	Pres Mid Part Gen Sing Fem
PMPGSF	Pres Mid Part Gen Sing Fem
PMPGSF	Pres Mid Part Gen Sing Fem
PMPGSF	Pres Mid Part Gen Sing Fem
PMPGSF	Pres Mid Part Gen Sing Fem
PMPGSM	Pres Mid Part Gen Sing Masc
PMPGSM	Pres Mid Part Gen Sing Masc
PMPGSM	Pres Mid Part Gen Sing Masc
PMPGSM	Pres Mid Part Gen Sing Masc
PMPGSM	Pres Mid Part Gen Sing Masc
PMPGSM	Pres Mid Part Gen Sing Masc
PMPGSM	Pres Mid Part Gen Sing Masc
PMPGSN	Pres Mid Part Gen Sing Neut
PMPGSN	Pres Mid Part Gen Sing Neut
PMPGSN	Pres Mid Part Gen Sing Neut
PMPGSN	Pres Mid Part Gen Sing Neut
PMPGSN	Pres Mid Part Gen Sing Neut
PMPNDM	Pres Mid Part Nom Dual Masc
PMPNPF	Pres Mid Part Nom Plur Fem
PMPNPF	Pres Mid Part Nom Plur Fem
PMPNPF	Pres Mid Part Nom Plur Fem
PMPNPF	Pres Mid Part Nom Plur Fem
PMPNPF	Pres Mid Part Nom Plur Fem
PMPNPM	Pres Mid Part Nom Plur Masc
PMPNPM	Pres Mid Part Nom Plur Masc
PMPNPM	Pres Mid Part Nom Plur Masc
PMPNPM	Pres Mid Part Nom Plur Masc
PMPNPM	Pres Mid Part Nom Plur Masc
PMPNPM	Pres Mid Part Nom Plur Masc
PMPNPM	Pres Mid Part Nom Plur Masc
PMPNPM	Pres Mid Part Nom Plur Masc
PMPNPM	Pres Mid Part Nom Plur Masc
PMPNPM	Pres Mid Part Nom Plur Masc
PMPNPM	Pres Mid Part Nom Plur Masc
PMPNPN	Pres Mid Part Nom Plur Neut
PMPNPN	Pres Mid Part Nom Plur Neut
PMPNPN	Pres Mid Part Nom Plur Neut
PMPNPN	Pres Mid Part Nom Plur Neut
PMPNSF	Pres Mid Part Nom Sing Fem
PMPNSF	Pres Mid Part Nom Sing Fem
PMPNSF	Pres Mid Part Nom Sing Fem
PMPNSF	Pres Mid Part Nom Sing Fem
PMPNSF	Pres Mid Part Nom Sing Fem
PMPNSF	Pres Mid Part Nom Sing Fem
PMPNSF	Pres Mid Part Nom Sing Fem
PMPNSF	Pres Mid Part Nom Sing Fem
PMPNSM	Pres Mid Part Nom Sing Masc
PMPNSM	Pres Mid Part Nom Sing Masc
PMPNSM	Pres Mid Part Nom Sing Masc
PMPNSM	Pres Mid Part Nom Sing Masc
PMPNSM	Pres Mid Part Nom Sing Masc
PMPNSM	Pres Mid Part Nom Sing Masc
PMPNSM	Pres Mid Part Nom Sing Masc
PMPNSM	Pres Mid Part Nom Sing Masc
PMPNSM	Pres Mid Part Nom Sing Masc
PMPNSM	Pres Mid Part Nom Sing Masc
PMPNSN	Pres Mid Part Nom Sing Neut
PMPNSN	Pres Mid Part Nom Sing Neut
PMPNSN	Pres Mid Part Nom Sing Neut
PMPNSN	Pres Mid Part Nom Sing Neut
PMPNSN	Pres Mid Part Nom Sing Neut
PMPNSN	Pres Mid Part Nom Sing Neut
PMPNSN	Pres Mid Part Nom Sing Neut
PMPVPM	Pres Mid Part Voc Plur Masc
PMPVPM	Pres Mid Part Voc Plur Masc
PMPVPN	Pres Mid Part Voc Plur Neut
PMPVPN	Pres Mid Part Voc Plur Neut
PMPVSM	Pres Mid Part Voc Sing Masc
PMS1P	Pres Mid Subj 1st Plur
PMS1P	Pres Mid Subj 1st Plur
PMS1P	Pres Mid Subj 1st Plur
PMS1P	Pres Mid Subj 1st Plur
PMS1S	Pres Mid Subj 1st Sing
PMS1S	Pres Mid Subj 1st Sing
PMS1S	Pres Mid Subj 1st Sing
PMS2P	Pres Mid Subj 2nd Plur
PMS2P	Pres Mid Subj 2nd Plur
PMS2P	Pres Mid Subj 2nd Plur
PMS2P	Pres Mid Subj 2nd Plur
PMS2S	Pres Mid Subj 2nd Sing
PMS2S	Pres Mid Subj 2nd Sing
PMS2S	Pres Mid Subj 2nd Sing
PMS2S	Pres Mid Subj 2nd Sing
PMS2S	Pres Mid Subj 2nd Sing
PMS2S	Pres Mid Subj 2nd Sing
PMS2S	Pres Mid Subj 2nd Sing
PMS3P	Pres Mid Subj 3rd Plur
PMS3P	Pres Mid Subj 3rd Plur
PMS3P	Pres Mid Subj 3rd Plur
PMS3P	Pres Mid Subj 3rd Plur
PMS3P	Pres Mid Subj 3rd Plur
PMS3P	Pres Mid Subj 3rd Plur
PMS3S	Pres Mid Subj 3rd Sing
PMS3S	Pres Mid Subj 3rd Sing
PMS3S	Pres Mid Subj 3rd Sing
PMS3S	Pres Mid Subj 3rd Sing
PMS3S	Pres Mid Subj 3rd Sing
PMS3S	Pres Mid Subj 3rd Sing
PPD2P	Pres Pass Imperative 2nd Plur
PPD2S	Pres Pass Imperative 2nd Sing
PPD2S	Pres Pass Imperative 2nd Sing
PPD2S	Pres Pass Imperative 2nd Sing
PPD3P	Pres Pass Imperative 3rd Plur
PPD3P	Pres Pass Imperative 3rd Plur
PPD3P	Pres Pass Imperative 3rd Plur
PPD3P	Pres Pass Imperative 3rd Plur
PPD3S	Pres Pass Imperative 3rd Sing
PPD3S	Pres Pass Imperative 3rd Sing
PPD3S	Pres Pass Imperative 3rd Sing
PPD3S	Pres Pass Imperative 3rd Sing
PPI1P	Pres Pass Ind 1st Plur
PPI1P	Pres Pass Ind 1st Plur
PPI1S	Pres Pass Ind 1st Sing
PPI1S	Pres Pass Ind 1st Sing
PPI1S	Pres Pass Ind 1st Sing
PPI2P	Pres Pass Ind 2nd Plur
PPI2P	Pres Pass Ind 2nd Plur
PPI2S	Pres Pass Ind 2nd Sing
PPI2S	Pres Pass Ind 2nd Sing
PPI3P	Pres Pass Ind 3rd Plur
PPI3P	Pres Pass Ind 3rd Plur
PPI3P	Pres Pass Ind 3rd Plur
PPI3P	Pres Pass Ind 3rd Plur
PPI3P	Pres Pass Ind 3rd Plur
PPI3S	Pres Pass Ind 3rd Sing
PPI3S	Pres Pass Ind 3rd Sing
PPI3S	Pres Pass Ind 3rd Sing
PPI3S	Pres Pass Ind 3rd Sing
PPI3S	Pres Pass Ind 3rd Sing
PPI3S	Pres Pass Ind 3rd Sing
PPI3S	Pres Pass Ind 3rd Sing
PPI3S	Pres Pass Ind 3rd Sing
PPI3S	Pres Pass Ind 3rd Sing
PPN	Pres Pass Infin
PPN	Pres Pass Infin
PPN	Pres Pass Infin
PPN	Pres Pass Infin
PPN	Pres Pass Infin
PPPAPF	Pres Pass Part Acc Plur Fem
PPPAPF	Pres Pass Part Acc Plur Fem
PPPAPF	Pres Pass Part Acc Plur Fem
PPPAPM	Pres Pass Part Acc Plur Masc
PPPAPM	Pres Pass Part Acc Plur Masc
PPPAPM	Pres Pass Part Acc Plur Masc
PPPAPM	Pres Pass Part Acc Plur Masc
PPPAPN	Pres Pass Part Acc Plur Neut
PPPAPN	Pres Pass Part Acc Plur Neut
PPPAPN	Pres Pass Part Acc Plur Neut
PPPAPN	Pres Pass Part Acc Plur Neut
PPPAPN	Pres Pass Part Acc Plur Neut
PPPAPN	Pres Pass Part Acc Plur Neut
PPPAPN	Pres Pass Part Acc Plur Neut
PPPASF	Pres Pass Part Acc Sing Fem
PPPASF	Pres Pass Part Acc Sing Fem
PPPASF	Pres Pass Part Acc Sing Fem
PPPASF	Pres Pass Part Acc Sing Fem
PPPASM	Pres Pass Part Acc Sing Masc
PPPASM	Pres Pass Part Acc Sing Masc
PPPASM	Pres Pass Part Acc Sing Masc
PPPASM	Pres Pass Part Acc Sing Masc
PPPASM	Pres Pass Part Acc Sing Masc
PPPASM	Pres Pass Part Acc Sing Masc
PPPASN	Pres Pass Part Acc Sing Neut
PPPASN	Pres Pass Part Acc Sing Neut
PPPASN	Pres Pass Part Acc Sing Neut
PPPASN	Pres Pass Part Acc Sing Neut
PPPASN	Pres Pass Part Acc Sing Neut
PPPDPM	Pres Pass Part Dat Plur Masc
PPPDPM	Pres Pass Part Dat Plur Masc
PPPDPN	Pres Pass Part Dat Plur Neut
PPPDSF	Pres Pass Part Dat Sing Fem
PPPDSM	Pres Pass Part Dat Sing Masc
PPPDSM	Pres Pass Part Dat Sing Masc
PPPDSM	Pres Pass Part Dat Sing Masc
PPPDSN	Pres Pass Part Dat Sing Neut
PPPDSN	Pres Pass Part Dat Sing Neut
PPPGPF	Pres Pass Part Gen Plur Fem
PPPGPM	Pres Pass Part Gen Plur Masc
PPPGPM	Pres Pass Part Gen Plur Masc
PPPGPM	Pres Pass Part Gen Plur Masc
PPPGPM	Pres Pass Part Gen Plur Masc
PPPGPM	Pres Pass Part Gen Plur Masc
PPPGPN	Pres Pass Part Gen Plur Neut
PPPGPN	Pres Pass Part Gen Plur Neut
PPPGSF	Pres Pass Part Gen Sing Fem
PPPGSF	Pres Pass Part Gen Sing Fem
PPPGSF	Pres Pass Part Gen Sing Fem
PPPGSM	Pres Pass Part Gen Sing Masc
PPPGSM	Pres Pass Part Gen Sing Masc
PPPGSM	Pres Pass Part Gen Sing Masc
PPPGSM	Pres Pass Part Gen Sing Masc
PPPGSM	Pres Pass Part Gen Sing Masc
PPPGSN	Pres Pass Part Gen Sing Neut
PPPGSN	Pres Pass Part Gen Sing Neut
PPPNPF	Pres Pass Part Nom Plur Fem
PPPNPF	Pres Pass Part Nom Plur Fem
PPPNPM	Pres Pass Part Nom Plur Masc
PPPNPM	Pres Pass Part Nom Plur Masc
PPPNPN	Pres Pass Part Nom Plur Neut
PPPNPN	Pres Pass Part Nom Plur Neut
PPPNPN	Pres Pass Part Nom Plur Neut
PPPNSF	Pres Pass Part Nom Sing Fem
PPPNSF	Pres Pass Part Nom Sing Fem
PPPNSF	Pres Pass Part Nom Sing Fem
PPPNSM	Pres Pass Part Nom Sing Masc
PPPNSM	Pres Pass Part Nom Sing Masc
PPPNSM	Pres Pass Part Nom Sing Masc
PPPNSM	Pres Pass Part Nom Sing Masc
PPPNSM	Pres Pass Part Nom Sing Masc
PPPNSM	Pres Pass Part Nom Sing Masc
PPPNSN	Pres Pass Part Nom Sing Neut
PPPNSN	Pres Pass Part Nom Sing Neut
PPPNSN	Pres Pass Part Nom Sing Neut
PPPNSN	Pres Pass Part Nom Sing Neut
PPPNSN	Pres Pass Part Nom Sing Neut
PPS1P	Pres Pass Subj 1st Plur
PPS1S	Pres Pass Subj 1st Sing
PPS2P	Pres Pass Subj 2nd Plur
PPS2S	Pres Pass Subj 2nd Sing
PPS3P	Pres Pass Subj 3rd Plur
PPS3S	Pres Pass Subj 3rd Sing
PPS3S	Pres Pass Subj 3rd Sing
PPS3S	Pres Pass Subj 3rd Sing
PPS3S	Pres Pass Subj 3rd Sing
S	Sing
SF	Sing Fem
SM	Sing Masc
SN	Sing Neut
VPF	Voc Plur Fem
VPF	Voc Plur Fem
VPF	Voc Plur Fem
VPF	Voc Plur Fem
VPF	Voc Plur Fem
VPF	Voc Plur Fem
VPF	Voc Plur Fem
VPF	Voc Plur Fem
VPM	Voc Plur Masc
VPM	Voc Plur Masc
VPM	Voc Plur Masc
VPM	Voc Plur Masc
VPM	Voc Plur Masc
VPM	Voc Plur Masc
VPM	Voc Plur Masc
VPM	Voc Plur Masc
VPM	Voc Plur Masc
VPM	Voc Plur Masc
VPM	Voc Plur Masc
VPM	Voc Plur Masc
VPM	Voc Plur Masc
VPM	Voc Plur Masc
VPMC	Voc Plur Masc Compar
VPN	Voc Plur Neut
VPN	Voc Plur Neut
VPN	Voc Plur Neut
VPN	Voc Plur Neut
VPN	Voc Plur Neut
VPN	Voc Plur Neut
VPNS	Voc Plur Neut Superlative
VS	Voc Sing
VS	Voc Sing
VSF	Voc Sing Fem
VSF	Voc Sing Fem
VSF	Voc Sing Fem
VSF	Voc Sing Fem
VSF	Voc Sing Fem
VSF	Voc Sing Fem
VSF	Voc Sing Fem
VSF	Voc Sing Fem
VSF	Voc Sing Fem
VSF	Voc Sing Fem
VSF	Voc Sing Fem
VSF	Voc Sing Fem
VSF	Voc Sing Fem
VSF	Voc Sing Fem
VSF	Voc Sing Fem
VSF	Voc Sing Fem
VSM	Voc Sing Masc
VSM	Voc Sing Masc
VSM	Voc Sing Masc
VSM	Voc Sing Masc
VSM	Voc Sing Masc
VSM	Voc Sing Masc
VSM	Voc Sing Masc
VSM	Voc Sing Masc
VSM	Voc Sing Masc
VSM	Voc Sing Masc
VSM	Voc Sing Masc
VSM	Voc Sing Masc
VSM	Voc Sing Masc
VSM	Voc Sing Masc
VSMC	Voc Sing Masc Compar
VSMC	Voc Sing Masc Compar
VSMS	Voc Sing Masc Superlative
VSMS	Voc Sing Masc Superlative
VSMS	Voc Sing Masc Superlative
VSMS	Voc Sing Masc Superlative
VSN	Voc Sing Neut
VSN	Voc Sing Neut
VSN	Voc Sing Neut
VSN	Voc Sing Neut
VSN	Voc Sing Neut
VSN	Voc Sing Neut
VSN	Voc Sing Neut
XAD2P	Perf Act Imperative 2nd Plur
XAD2P	Perf Act Imperative 2nd Plur
XAD2S	Perf Act Imperative 2nd Sing
XAD3P	Perf Act Imperative 3rd Plur
XAD3S	Perf Act Imperative 3rd Sing
XAI1P	Perf Act Ind 1st Plur
XAI1P	Perf Act Ind 1st Plur
XAI1P	Perf Act Ind 1st Plur
XAI1S	Perf Act Ind 1st Sing
XAI1S	Perf Act Ind 1st Sing
XAI1S	Perf Act Ind 1st Sing
XAI1S	Perf Act Ind 1st Sing
XAI1S	Perf Act Ind 1st Sing
XAI2P	Perf Act Ind 2nd Plur
XAI2P	Perf Act Ind 2nd Plur
XAI2P	Perf Act Ind 2nd Plur
XAI2S	Perf Act Ind 2nd Sing
XAI2S	Perf Act Ind 2nd Sing
XAI2S	Perf Act Ind 2nd Sing
XAI3P	Perf Act Ind 3rd Plur
XAI3P	Perf Act Ind 3rd Plur
XAI3P	Perf Act Ind 3rd Plur
XAI3S	Perf Act Ind 3rd Sing
XAI3S	Perf Act Ind 3rd Sing
XAI3S	Perf Act Ind 3rd Sing
XAI3S	Perf Act Ind 3rd Sing
XAIASF	Perf Act Ind Acc Sing Fem
XAN	Perf Act Infin
XAN	Perf Act Infin
XAN	Perf Act Infin
XAO3S	Perf Act Opt 3rd Sing
XAPAPF	Perf Act Part Acc Plur Fem
XAPAPM	Perf Act Part Acc Plur Masc
XAPAPM	Perf Act Part Acc Plur Masc
XAPAPM	Perf Act Part Acc Plur Masc
XAPAPN	Perf Act Part Acc Plur Neut
XAPAPN	Perf Act Part Acc Plur Neut
XAPAPN	Perf Act Part Acc Plur Neut
XAPASF	Perf Act Part Acc Sing Fem
XAPASF	Perf Act Part Acc Sing Fem
XAPASF	Perf Act Part Acc Sing Fem
XAPASM	Perf Act Part Acc Sing Masc
XAPASM	Perf Act Part Acc Sing Masc
XAPASM	Perf Act Part Acc Sing Masc
XAPASN	Perf Act Part Acc Sing Neut
XAPASN	Perf Act Part Acc Sing Neut
XAPASN	Perf Act Part Acc Sing Neut
XAPDPM	Perf Act Part Dat Plur Masc
XAPDPM	Perf Act Part Dat Plur Masc
XAPDPM	Perf Act Part Dat Plur Masc
XAPDPN	Perf Act Part Dat Plur Neut
XAPDPN	Perf Act Part Dat Plur Neut
XAPDSF	Perf Act Part Dat Sing Fem
XAPDSM	Perf Act Part Dat Sing Masc
XAPDSM	Perf Act Part Dat Sing Masc
XAPDSM	Perf Act Part Dat Sing Masc
XAPDSN	Perf Act Part Dat Sing Neut
XAPDSN	Perf Act Part Dat Sing Neut
XAPGPF	Perf Act Part Gen Plur Fem
XAPGPM	Perf Act Part Gen Plur Masc
XAPGPM	Perf Act Part Gen Plur Masc
XAPGPM	Perf Act Part Gen Plur Masc
XAPGPM	Perf Act Part Gen Plur Masc
XAPGPN	Perf Act Part Gen Plur Neut
XAPGPN	Perf Act Part Gen Plur Neut
XAPGPN	Perf Act Part Gen Plur Neut
XAPGSF	Perf Act Part Gen Sing Fem
XAPGSF	Perf Act Part Gen Sing Fem
XAPGSF	Perf Act Part Gen Sing Fem
XAPGSM	Perf Act Part Gen Sing Masc
XAPGSM	Perf Act Part Gen Sing Masc
XAPGSM	Perf Act Part Gen Sing Masc
XAPGSM	Perf Act Part Gen Sing Masc
XAPGSN	Perf Act Part Gen Sing Neut
XAPGSN	Perf Act Part Gen Sing Neut
XAPNPF	Perf Act Part Nom Plur Fem
XAPNPF	Perf Act Part Nom Plur Fem
XAPNPF	Perf Act Part Nom Plur Fem
XAPNPM	Perf Act Part Nom Plur Masc
XAPNPM	Perf Act Part Nom Plur Masc
XAPNPM	Perf Act Part Nom Plur Masc
XAPNPM	Perf Act Part Nom Plur Masc
XAPNPN	Perf Act Part Nom Plur Neut
XAPNPN	Perf Act Part Nom Plur Neut
XAPNPN	Perf Act Part Nom Plur Neut
XAPNSF	Perf Act Part Nom Sing Fem
XAPNSF	Perf Act Part Nom Sing Fem
XAPNSF	Perf Act Part Nom Sing Fem
XAPNSF	Perf Act Part Nom Sing Fem
XAPNSF	Perf Act Part Nom Sing Fem
XAPNSM	Perf Act Part Nom Sing Masc
XAPNSM	Perf Act Part Nom Sing Masc
XAPNSM	Perf Act Part Nom Sing Masc
XAPNSN	Perf Act Part Nom Sing Neut
XAPNSN	Perf Act Part Nom Sing Neut
XAPNSN	Perf Act Part Nom Sing Neut
XAPNSN	Perf Act Part Nom Sing Neut
XAPVPM	Perf Act Part Voc Plur Masc
XAS1P	Perf Act Subj 1st Plur
XAS1S	Perf Act Subj 1st Sing
XAS2P	Perf Act Subj 2nd Plur
XAS2S	Perf Act Subj 2nd Sing
XAS3P	Perf Act Subj 3rd Plur
XMD2P	Perf Mid Imperative 2nd Plur
XMD3P	Perf Mid Imperative 3rd Plur
XMD3S	Perf Mid Imperative 3rd Sing
XMI1P	Perf Mid Ind 1st Plur
XMI1P	Perf Mid Ind 1st Plur
XMI1P	Perf Mid Ind 1st Plur
XMI1P	Perf Mid Ind 1st Plur
XMI1S	Perf Mid Ind 1st Sing
XMI1S	Perf Mid Ind 1st Sing
XMI1S	Perf Mid Ind 1st Sing
XMI1S	Perf Mid Ind 1st Sing
XMI1S	Perf Mid Ind 1st Sing
XMI1S	Perf Mid Ind 1st Sing
XMI1S	Perf Mid Ind 1st Sing
XMI1S	Perf Mid Ind 1st Sing
XMI1S	Perf Mid Ind 1st Sing
XMI2P	Perf Mid Ind 2nd Plur
XMI2P	Perf Mid Ind 2nd Plur
XMI2P	Perf Mid Ind 2nd Plur
XMI2S	Perf Mid Ind 2nd Sing
XMI2S	Perf Mid Ind 2nd Sing
XMI2S	Perf Mid Ind 2nd Sing
XMI2S	Perf Mid Ind 2nd Sing
XMI2S	Perf Mid Ind 2nd Sing
XMI3P	Perf Mid Ind 3rd Plur
XMI3P	Perf Mid Ind 3rd Plur
XMI3P	Perf Mid Ind 3rd Plur
XMI3S	Perf Mid Ind 3rd Sing
XMI3S	Perf Mid Ind 3rd Sing
XMI3S	Perf Mid Ind 3rd Sing
XMI3S	Perf Mid Ind 3rd Sing
XMI3S	Perf Mid Ind 3rd Sing
XMI3S	Perf Mid Ind 3rd Sing
XMI3S	Perf Mid Ind 3rd Sing
XMI3S	Perf Mid Ind 3rd Sing
XMI3S	Perf Mid Ind 3rd Sing
XMN	Perf Mid Infin
XMN	Perf Mid Infin
XMN	Perf Mid Infin
XMN	Perf Mid Infin
XMN	Perf Mid Infin
XMN	Perf Mid Infin
XMN	Perf Mid Infin
XMPAPF	Perf Mid Part Acc Plur Fem
XMPAPF	Perf Mid Part Acc Plur Fem
XMPAPF	Perf Mid Part Acc Plur Fem
XMPAPF	Perf Mid Part Acc Plur Fem
XMPAPM	Perf Mid Part Acc Plur Masc
XMPAPM	Perf Mid Part Acc Plur Masc
XMPAPM	Perf Mid Part Acc Plur Masc
XMPAPM	Perf Mid Part Acc Plur Masc
XMPAPM	Perf Mid Part Acc Plur Masc
XMPAPM	Perf Mid Part Acc Plur Masc
XMPAPM	Perf Mid Part Acc Plur Masc
XMPAPN	Perf Mid Part Acc Plur Neut
XMPAPN	Perf Mid Part Acc Plur Neut
XMPAPN	Perf Mid Part Acc Plur Neut
XMPAPN	Perf Mid Part Acc Plur Neut
XMPAPN	Perf Mid Part Acc Plur Neut
XMPAPN	Perf Mid Part Acc Plur Neut
XMPAPN	Perf Mid Part Acc Plur Neut
XMPAPN	Perf Mid Part Acc Plur Neut
XMPASF	Perf Mid Part Acc Sing Fem
XMPASF	Perf Mid Part Acc Sing Fem
XMPASF	Perf Mid Part Acc Sing Fem
XMPASF	Perf Mid Part Acc Sing Fem
XMPASF	Perf Mid Part Acc Sing Fem
XMPASF	Perf Mid Part Acc Sing Fem
XMPASM	Perf Mid Part Acc Sing Masc
XMPASM	Perf Mid Part Acc Sing Masc
XMPASM	Perf Mid Part Acc Sing Masc
XMPASM	Perf Mid Part Acc Sing Masc
XMPASM	Perf Mid Part Acc Sing Masc
XMPASM	Perf Mid Part Acc Sing Masc
XMPASN	Perf Mid Part Acc Sing Neut
XMPASN	Perf Mid Part Acc Sing Neut
XMPASN	Perf Mid Part Acc Sing Neut
XMPASN	Perf Mid Part Acc Sing Neut
XMPASN	Perf Mid Part Acc Sing Neut
XMPASN	Perf Mid Part Acc Sing Neut
XMPASN	Perf Mid Part Acc Sing Neut
XMPDPF	Perf Mid Part Dat Plur Fem
XMPDPF	Perf Mid Part Dat Plur Fem
XMPDPF	Perf Mid Part Dat Plur Fem
XMPDPF	Perf Mid Part Dat Plur Fem
XMPDPF	Perf Mid Part Dat Plur Fem
XMPDPF	Perf Mid Part Dat Plur Fem
XMPDPM	Perf Mid Part Dat Plur Masc
XMPDPM	Perf Mid Part Dat Plur Masc
XMPDPM	Perf Mid Part Dat Plur Masc
XMPDPM	Perf Mid Part Dat Plur Masc
XMPDPM	Perf Mid Part Dat Plur Masc
XMPDPN	Perf Mid Part Dat Plur Neut
XMPDPN	Perf Mid Part Dat Plur Neut
XMPDPN	Perf Mid Part Dat Plur Neut
XMPDSF	Perf Mid Part Dat Sing Fem
XMPDSF	Perf Mid Part Dat Sing Fem
XMPDSF	Perf Mid Part Dat Sing Fem
XMPDSM	Perf Mid Part Dat Sing Masc
XMPDSM	Perf Mid Part Dat Sing Masc
XMPDSM	Perf Mid Part Dat Sing Masc
XMPDSM	Perf Mid Part Dat Sing Masc
XMPDSN	Perf Mid Part Dat Sing Neut
XMPDSN	Perf Mid Part Dat Sing Neut
XMPDSN	Perf Mid Part Dat Sing Neut
XMPGPF	Perf Mid Part Gen Plur Fem
XMPGPM	Perf Mid Part Gen Plur Masc
XMPGPM	Perf Mid Part Gen Plur Masc
XMPGPM	Perf Mid Part Gen Plur Masc
XMPGPM	Perf Mid Part Gen Plur Masc
XMPGPM	Perf Mid Part Gen Plur Masc
XMPGPM	Perf Mid Part Gen Plur Masc
XMPGPM	Perf Mid Part Gen Plur Masc
XMPGPN	Perf Mid Part Gen Plur Neut
XMPGPN	Perf Mid Part Gen Plur Neut
XMPGPN	Perf Mid Part Gen Plur Neut
XMPGSF	Perf Mid Part Gen Sing Fem
XMPGSF	Perf Mid Part Gen Sing Fem
XMPGSF	Perf Mid Part Gen Sing Fem
XMPGSF	Perf Mid Part Gen Sing Fem
XMPGSF	Perf Mid Part Gen Sing Fem
XMPGSF	Perf Mid Part Gen Sing Fem
XMPGSM	Perf Mid Part Gen Sing Masc
XMPGSM	Perf Mid Part Gen Sing Masc
XMPGSM	Perf Mid Part Gen Sing Masc
XMPGSM	Perf Mid Part Gen Sing Masc
XMPGSM	Perf Mid Part Gen Sing Masc
XMPGSM	Perf Mid Part Gen Sing Masc
XMPGSN	Perf Mid Part Gen Sing Neut
XMPGSN	Perf Mid Part Gen Sing Neut
XMPGSN	Perf Mid Part Gen Sing Neut
XMPNPF	Perf Mid Part Nom Plur Fem
XMPNPF	Perf Mid Part Nom Plur Fem
XMPNPF	Perf Mid Part Nom Plur Fem
XMPNPF	Perf Mid Part Nom Plur Fem
XMPNPF	Perf Mid Part Nom Plur Fem
XMPNPF	Perf Mid Part Nom Plur Fem
XMPNPF	Perf Mid Part Nom Plur Fem
XMPNPM	Perf Mid Part Nom Plur Masc
XMPNPM	Perf Mid Part Nom Plur Masc
XMPNPM	Perf Mid Part Nom Plur Masc
XMPNPM	Perf Mid Part Nom Plur Masc
XMPNPM	Perf Mid Part Nom Plur Masc
XMPNPM	Perf Mid Part Nom Plur Masc
XMPNPM	Perf Mid Part Nom Plur Masc
XMPNPM	Perf Mid Part Nom Plur Masc
XMPNPM	Perf Mid Part Nom Plur Masc
XMPNPN	Perf Mid Part Nom Plur Neut
XMPNPN	Perf Mid Part Nom Plur Neut
XMPNPN	Perf Mid Part Nom Plur Neut
XMPNPN	Perf Mid Part Nom Plur Neut
XMPNPN	Perf Mid Part Nom Plur Neut
XMPNSF	Perf Mid Part Nom Sing Fem
XMPNSF	Perf Mid Part Nom Sing Fem
XMPNSF	Perf Mid Part Nom Sing Fem
XMPNSF	Perf Mid Part Nom Sing Fem
XMPNSF	Perf Mid Part Nom Sing Fem
XMPNSF	Perf Mid Part Nom Sing Fem
XMPNSM	Perf Mid Part Nom Sing Masc
XMPNSM	Perf Mid Part Nom Sing Masc
XMPNSM	Perf Mid Part Nom Sing Masc
XMPNSM	Perf Mid Part Nom Sing Masc
XMPNSM	Perf Mid Part Nom Sing Masc
XMPNSM	Perf Mid Part Nom Sing Masc
XMPNSM	Perf Mid Part Nom Sing Masc
XMPNSM	Perf Mid Part Nom Sing Masc
XMPNSM	Perf Mid Part Nom Sing Masc
XMPNSN	Perf Mid Part Nom Sing Neut
XMPNSN	Perf Mid Part Nom Sing Neut
XMPNSN	Perf Mid Part Nom Sing Neut
XMPNSN	Perf Mid Part Nom Sing Neut
XMPNSN	Perf Mid Part Nom Sing Neut
XMPVPM	Perf Mid Part Voc Plur Masc
XMPVSF	Perf Mid Part Voc Sing Fem
XMPVSM	Perf Mid Part Voc Sing Masc
XPD2S	Perf Pass Imperative 2nd Sing
XPD3P	Perf Pass Imperative 3rd Plur
XPI1P	Perf Pass Ind 1st Plur
XPI1P	Perf Pass Ind 1st Plur
XPI1P	Perf Pass Ind 1st Plur
XPI1S	Perf Pass Ind 1st Sing
XPI1S	Perf Pass Ind 1st Sing
XPI2P	Perf Pass Ind 2nd Plur
XPI2S	Perf Pass Ind 2nd Sing
XPI2S	Perf Pass Ind 2nd Sing
XPI2S	Perf Pass Ind 2nd Sing
XPI3P	Perf Pass Ind 3rd Plur
XPI3P	Perf Pass Ind 3rd Plur
XPI3P	Perf Pass Ind 3rd Plur
XPI3S	Perf Pass Ind 3rd Sing
XPI3S	Perf Pass Ind 3rd Sing
XPI3S	Perf Pass Ind 3rd Sing
XPI3S	Perf Pass Ind 3rd Sing
XPI3S	Perf Pass Ind 3rd Sing
XPI3S	Perf Pass Ind 3rd Sing
XPI3S	Perf Pass Ind 3rd Sing
XPI3S	Perf Pass Ind 3rd Sing
XPN	Perf Pass Infin
XPN	Perf Pass Infin
XPN	Perf Pass Infin
XPN	Perf Pass Infin
XPPAPF	Perf Pass Part Acc Plur Fem
XPPAPF	Perf Pass Part Acc Plur Fem
XPPAPF	Perf Pass Part Acc Plur Fem
XPPAPF	Perf Pass Part Acc Plur Fem
XPPAPM	Perf Pass Part Acc Plur Masc
XPPAPM	Perf Pass Part Acc Plur Masc
XPPAPM	Perf Pass Part Acc Plur Masc
XPPAPM	Perf Pass Part Acc Plur Masc
XPPAPM	Perf Pass Part Acc Plur Masc
XPPAPN	Perf Pass Part Acc Plur Neut
XPPAPN	Perf Pass Part Acc Plur Neut
XPPAPN	Perf Pass Part Acc Plur Neut
XPPAPN	Perf Pass Part Acc Plur Neut
XPPAPN	Perf Pass Part Acc Plur Neut
XPPAPN	Perf Pass Part Acc Plur Neut
XPPAPN	Perf Pass Part Acc Plur Neut
XPPAPN	Perf Pass Part Acc Plur Neut
XPPASF	Perf Pass Part Acc Sing Fem
XPPASF	Perf Pass Part Acc Sing Fem
XPPASF	Perf Pass Part Acc Sing Fem
XPPASF	Perf Pass Part Acc Sing Fem
XPPASF	Perf Pass Part Acc Sing Fem
XPPASF	Perf Pass Part Acc Sing Fem
XPPASM	Perf Pass Part Acc Sing Masc
XPPASM	Perf Pass Part Acc Sing Masc
XPPASM	Perf Pass Part Acc Sing Masc
XPPASM	Perf Pass Part Acc Sing Masc
XPPASM	Perf Pass Part Acc Sing Masc
XPPASM	Perf Pass Part Acc Sing Masc
XPPASN	Perf Pass Part Acc Sing Neut
XPPASN	Perf Pass Part Acc Sing Neut
XPPASN	Perf Pass Part Acc Sing Neut
XPPASN	Perf Pass Part Acc Sing Neut
XPPASN	Perf Pass Part Acc Sing Neut
XPPASN	Perf Pass Part Acc Sing Neut
XPPASN	Perf Pass Part Acc Sing Neut
XPPDPF	Perf Pass Part Dat Plur Fem
XPPDPM	Perf Pass Part Dat Plur Masc
XPPDPM	Perf Pass Part Dat Plur Masc
XPPDPM	Perf Pass Part Dat Plur Masc
XPPDPN	Perf Pass Part Dat Plur Neut
XPPDSF	Perf Pass Part Dat Sing Fem
XPPDSF	Perf Pass Part Dat Sing Fem
XPPDSF	Perf Pass Part Dat Sing Fem
XPPDSF	Perf Pass Part Dat Sing Fem
XPPDSM	Perf Pass Part Dat Sing Masc
XPPDSM	Perf Pass Part Dat Sing Masc
XPPDSM	Perf Pass Part Dat Sing Masc
XPPDSN	Perf Pass Part Dat Sing Neut
XPPDSN	Perf Pass Part Dat Sing Neut
XPPGPF	Perf Pass Part Gen Plur Fem
XPPGPF	Perf Pass Part Gen Plur Fem
XPPGPM	Perf Pass Part Gen Plur Masc
XPPGPM	Perf Pass Part Gen Plur Masc
XPPGPM	Perf Pass Part Gen Plur Masc
XPPGPM	Perf Pass Part Gen Plur Masc
XPPGPM	Perf Pass Part Gen Plur Masc
XPPGPM	Perf Pass Part Gen Plur Masc
XPPGPN	Perf Pass Part Gen Plur Neut
XPPGPN	Perf Pass Part Gen Plur Neut
XPPGPN	Perf Pass Part Gen Plur Neut
XPPGPN	Perf Pass Part Gen Plur Neut
XPPGPN	Perf Pass Part Gen Plur Neut
XPPGSF	Perf Pass Part Gen Sing Fem
XPPGSF	Perf Pass Part Gen Sing Fem
XPPGSF	Perf Pass Part Gen Sing Fem
XPPGSF	Perf Pass Part Gen Sing Fem
XPPGSM	Perf Pass Part Gen Sing Masc
XPPGSM	Perf Pass Part Gen Sing Masc
XPPGSM	Perf Pass Part Gen Sing Masc
XPPGSM	Perf Pass Part Gen Sing Masc
XPPGSN	Perf Pass Part Gen Sing Neut
XPPGSN	Perf Pass Part Gen Sing Neut
XPPNPF	Perf Pass Part Nom Plur Fem
XPPNPF	Perf Pass Part Nom Plur Fem
XPPNPF	Perf Pass Part Nom Plur Fem
XPPNPF	Perf Pass Part Nom Plur Fem
XPPNPF	Perf Pass Part Nom Plur Fem
XPPNPF	Perf Pass Part Nom Plur Fem
XPPNPM	Perf Pass Part Nom Plur Masc
XPPNPM	Perf Pass Part Nom Plur Masc
XPPNPM	Perf Pass Part Nom Plur Masc
XPPNPM	Perf Pass Part Nom Plur Masc
XPPNPM	Perf Pass Part Nom Plur Masc
XPPNPM	Perf Pass Part Nom Plur Masc
XPPNPM	Perf Pass Part Nom Plur Masc
XPPNPM	Perf Pass Part Nom Plur Masc
XPPNPM	Perf Pass Part Nom Plur Masc
XPPNPN	Perf Pass Part Nom Plur Neut
XPPNPN	Perf Pass Part Nom Plur Neut
XPPNPN	Perf Pass Part Nom Plur Neut
XPPNPN	Perf Pass Part Nom Plur Neut
XPPNPN	Perf Pass Part Nom Plur Neut
XPPNSF	Perf Pass Part Nom Sing Fem
XPPNSF	Perf Pass Part Nom Sing Fem
XPPNSF	Perf Pass Part Nom Sing Fem
XPPNSF	Perf Pass Part Nom Sing Fem
XPPNSF	Perf Pass Part Nom Sing Fem
XPPNSF	Perf Pass Part Nom Sing Fem
XPPNSF	Perf Pass Part Nom Sing Fem
XPPNSF	Perf Pass Part Nom Sing Fem
XPPNSM	Perf Pass Part Nom Sing Masc
XPPNSM	Perf Pass Part Nom Sing Masc
XPPNSM	Perf Pass Part Nom Sing Masc
XPPNSM	Perf Pass Part Nom Sing Masc
XPPNSM	Perf Pass Part Nom Sing Masc
XPPNSM	Perf Pass Part Nom Sing Masc
XPPNSM	Perf Pass Part Nom Sing Masc
XPPNSM	Perf Pass Part Nom Sing Masc
XPPNSM	Perf Pass Part Nom Sing Masc
XPPNSM	Perf Pass Part Nom Sing Masc
XPPNSN	Perf Pass Part Nom Sing Neut
XPPNSN	Perf Pass Part Nom Sing Neut
XPPNSN	Perf Pass Part Nom Sing Neut
XPPNSN	Perf Pass Part Nom Sing Neut
XPPNSN	Perf Pass Part Nom Sing Neut
XPPVPM	Perf Pass Part Voc Plur Masc
XPPVSF	Perf Pass Part Voc Sing Fem
XPPVSM	Perf Pass Part Voc Sing Masc
XPS3S	Perf Pass Subj 3rd Sing
YAI1P	Pluperf Act Ind 1st Plur
YAI1S	Pluperf Act Ind 1st Sing
YAI2P	Pluperf Act Ind 2nd Plur
YAI2P	Pluperf Act Ind 2nd Plur
YAI2S	Pluperf Act Ind 2nd Sing
YAI3P	Pluperf Act Ind 3rd Plur
YAI3P	Pluperf Act Ind 3rd Plur
YAI3P	Pluperf Act Ind 3rd Plur
YAI3S	Pluperf Act Ind 3rd Sing
YAI3S	Pluperf Act Ind 3rd Sing
YAI3S	Pluperf Act Ind 3rd Sing
YMI1S	Pluperf Mid Ind 1st Sing
YMI3P	Pluperf Mid Ind 3rd Plur
YMI3P	Pluperf Mid Ind 3rd Plur
YMI3S	Pluperf Mid Ind 3rd Sing
YMI3S	Pluperf Mid Ind 3rd Sing
YMI3S	Pluperf Mid Ind 3rd Sing
YMI3S	Pluperf Mid Ind 3rd Sing
YMI3S	Pluperf Mid Ind 3rd Sing
YMI3S	Pluperf Mid Ind 3rd Sing
YMPASN	Pluperf Mid Part Acc Sing Neut
YMPNPM	Pluperf Mid Part Nom Plur Masc
YMPNSM	Pluperf Mid Part Nom Sing Masc
YMPNSN	Pluperf Mid Part Nom Sing Neut
YPI3S	Pluperf Pass Ind 3rd Sing
YPI3S	Pluperf Pass Ind 3rd Sing
YPI3S	Pluperf Pass Ind 3rd Sing
YPI3S	Pluperf Pass Ind 3rd Sing
YPI3S	Pluperf Pass Ind 3rd Sing
YPP3S	Pluperf Pass Part 3rd Sing
YPPASM	Pluperf Pass Part Acc Sing Masc
